CoC Number,CoC Name,Overall Homeless,Sheltered ES Homeless,Sheltered TH Homeless,Sheltered Total Homeless,Unsheltered Homeless,Overall Homeless Individuals,Sheltered ES Homeless Individuals,Sheltered TH Homeless Individuals,Sheltered Total Homeless Individuals,Unsheltered Homeless Individuals,Overall Homeless People in Families,Sheltered ES Homeless People in Families,Sheltered TH Homeless People in Families,Sheltered Total Homeless People in Families,Unsheltered Homeless People in Families,Overall Homeless Family Households,Sheltered ES Homeless Family Households,Sheltered TH Homeless Family Households,Sheltered Total Homeless Family Households,Unsheltered Homeless Family Households,Overall Chronically Homeless Individuals,Sheltered Total Chronically Homeless Individuals,Unsheltered Chronically Homeless Individuals,Year
AK-500,Anchorage CoC,974.0,548.0,294.0,842.0,132.0,696.0,438.0,151.0,589.0,107.0,278.0,110.0,143.0,253.0,25.0,93.0,39.0,46.0,85.0,8.0,224.0,187.0,37.0,2007
AK-501,Alaska Balance of State CoC,668.0,350.0,195.0,545.0,123.0,366.0,180.0,122.0,302.0,64.0,302.0,170.0,73.0,243.0,59.0,97.0,56.0,24.0,80.0,17.0,54.0,34.0,20.0,2007
AL-500,"Birmingham/Jefferson, St. Clair, Shelby Counties CoC",2104.0,465.0,775.0,1240.0,864.0,1529.0,393.0,440.0,833.0,696.0,575.0,72.0,335.0,407.0,168.0,228.0,31.0,122.0,153.0,75.0,516.0,269.0,247.0,2007
AL-501,Mobile City & County/Baldwin County CoC,649.0,113.0,297.0,410.0,239.0,499.0,85.0,175.0,260.0,239.0,150.0,28.0,122.0,150.0,0.0,48.0,12.0,36.0,48.0,0.0,84.0,10.0,74.0,2007
AL-502,Florence/Northwest Alabama CoC,265.0,13.0,118.0,131.0,134.0,143.0,10.0,83.0,93.0,50.0,122.0,3.0,35.0,38.0,84.0,38.0,1.0,9.0,10.0,28.0,8.0,0.0,8.0,2007
AL-503,Huntsville/North Alabama CoC,830.0,336.0,420.0,756.0,74.0,761.0,336.0,351.0,687.0,74.0,69.0,0.0,69.0,69.0,0.0,25.0,0.0,25.0,25.0,0.0,215.0,144.0,71.0,2007
AL-504,Montgomery City & County CoC,456.0,107.0,224.0,331.0,125.0,392.0,99.0,171.0,270.0,122.0,64.0,8.0,53.0,61.0,3.0,25.0,3.0,21.0,24.0,1.0,108.0,39.0,69.0,2007
AL-505,Gadsden/Northeast Alabama CoC,119.0,93.0,11.0,104.0,15.0,103.0,79.0,11.0,90.0,13.0,16.0,14.0,0.0,14.0,2.0,6.0,5.0,0.0,5.0,1.0,4.0,0.0,4.0,2007
AL-506,Tuscaloosa City & County CoC,345.0,39.0,293.0,332.0,13.0,294.0,36.0,249.0,285.0,9.0,51.0,3.0,44.0,47.0,4.0,10.0,1.0,8.0,9.0,1.0,15.0,15.0,0.0,2007
AL-507,Alabama Balance of State CoC,684.0,286.0,206.0,492.0,192.0,463.0,172.0,133.0,305.0,158.0,221.0,114.0,73.0,187.0,34.0,86.0,43.0,30.0,73.0,13.0,43.0,6.0,37.0,2007
AR-500,Little Rock/Central Arkansas CoC,1822.0,649.0,538.0,1187.0,635.0,1632.0,605.0,404.0,1009.0,623.0,190.0,44.0,134.0,178.0,12.0,61.0,15.0,43.0,58.0,3.0,491.0,300.0,191.0,2007
AR-501,Fayetteville/Northwest Arkansas CoC,279.0,165.0,79.0,244.0,35.0,157.0,108.0,25.0,133.0,24.0,122.0,57.0,54.0,111.0,11.0,47.0,27.0,16.0,43.0,4.0,34.0,25.0,9.0,2007
AR-502,Conway/Arkansas River Valley,163.0,11.0,48.0,59.0,104.0,87.0,9.0,10.0,19.0,68.0,76.0,2.0,38.0,40.0,36.0,26.0,2.0,15.0,17.0,9.0,15.0,0.0,15.0,2007
AR-504,Delta Hills CoC,901.0,114.0,277.0,391.0,510.0,626.0,80.0,267.0,347.0,279.0,275.0,34.0,10.0,44.0,231.0,127.0,13.0,4.0,17.0,110.0,228.0,43.0,185.0,2007
AR-505,Southeast Arkansas CoC,130.0,102.0,18.0,120.0,10.0,35.0,23.0,9.0,32.0,3.0,95.0,79.0,9.0,88.0,7.0,24.0,19.0,3.0,22.0,2.0,25.0,25.0,0.0,2007
AR-506,"Johnson, Pope, Yell Counties",21.0,4.0,14.0,18.0,3.0,21.0,4.0,14.0,18.0,3.0,0.0,0.0,0.0,0.0,0.0,0.0,0.0,0.0,0.0,0.0,1.0,0.0,1.0,2007
AR-508,Fort Smith CoC,194.0,87.0,60.0,147.0,47.0,157.0,59.0,52.0,111.0,46.0,37.0,28.0,8.0,36.0,1.0,17.0,10.0,6.0,16.0,1.0,35.0,15.0,20.0,2007
AR-509,Hot Springs/South West Arkansas CoC,4.0,2.0,0.0,2.0,2.0,4.0,2.0,0.0,2.0,2.0,0.0,0.0,0.0,0.0,0.0,0.0,0.0,0.0,0.0,0.0,3.0,1.0,2.0,2007
AR-510,"Hempstead, Sevier, Howard, Little River Counties CoC",322.0,117.0,0.0,117.0,205.0,268.0,95.0,0.0,95.0,173.0,54.0,22.0,0.0,22.0,32.0,22.0,11.0,0.0,11.0,11.0,20.0,0.0,20.0,2007
AZ-500,Arizona Balance of State CoC,2997.0,472.0,541.0,1013.0,1984.0,2235.0,266.0,266.0,532.0,1703.0,762.0,206.0,275.0,481.0,281.0,274.0,68.0,90.0,158.0,116.0,425.0,93.0,332.0,2007
AZ-501,Tucson/Pima County CoC,3201.0,687.0,1323.0,2010.0,1191.0,2258.0,467.0,692.0,1159.0,1099.0,943.0,220.0,631.0,851.0,92.0,301.0,75.0,194.0,269.0,32.0,890.0,150.0,740.0,2007
AZ-502,"Phoenix, Mesa/Maricopa County CoC",8448.0,2775.0,2820.0,5595.0,2853.0,5527.0,1679.0,1053.0,2732.0,2795.0,2921.0,1096.0,1767.0,2863.0,58.0,884.0,320.0,544.0,864.0,20.0,1489.0,407.0,1082.0,2007
CA-500,San Jose/Santa Clara City & County CoC,7202.0,999.0,1102.0,2101.0,5101.0,5945.0,759.0,346.0,1105.0,4840.0,1257.0,240.0,756.0,996.0,261.0,326.0,76.0,221.0,297.0,29.0,1757.0,223.0,1534.0,2007
CA-501,San Francisco CoC,5703.0,2140.0,772.0,2912.0,2791.0,5171.0,1818.0,582.0,2400.0,2771.0,532.0,322.0,190.0,512.0,20.0,194.0,113.0,73.0,186.0,8.0,1735.0,738.0,997.0,2007
CA-502,"Oakland, Berkeley/Alameda County CoC",4838.0,992.0,1350.0,2342.0,2496.0,3026.0,675.0,582.0,1257.0,1769.0,1812.0,317.0,768.0,1085.0,727.0,653.0,108.0,261.0,369.0,284.0,1257.0,318.0,939.0,2007
CA-503,Sacramento City & County CoC,2452.0,709.0,738.0,1447.0,1005.0,1965.0,574.0,408.0,982.0,983.0,487.0,135.0,330.0,465.0,22.0,163.0,51.0,106.0,157.0,6.0,718.0,215.0,503.0,2007
CA-504,"Santa Rosa, Petaluma/Sonoma County CoC",1314.0,453.0,329.0,782.0,532.0,888.0,278.0,129.0,407.0,481.0,426.0,175.0,200.0,375.0,51.0,149.0,55.0,71.0,126.0,23.0,297.0,79.0,218.0,2007
CA-505,Richmond/Contra Costa County CoC,4062.0,522.0,381.0,903.0,3159.0,2892.0,225.0,107.0,332.0,2560.0,1170.0,297.0,274.0,571.0,599.0,344.0,129.0,69.0,198.0,146.0,1225.0,88.0,1137.0,2007
CA-506,"Salinas/Monterey, San Benito Counties CoC",1402.0,210.0,299.0,509.0,893.0,1149.0,177.0,85.0,262.0,887.0,253.0,33.0,214.0,247.0,6.0,79.0,12.0,65.0,77.0,2.0,336.0,27.0,309.0,2007
CA-507,Marin County CoC,1002.0,139.0,463.0,602.0,400.0,846.0,122.0,343.0,465.0,381.0,156.0,17.0,120.0,137.0,19.0,52.0,6.0,37.0,43.0,9.0,172.0,41.0,131.0,2007
CA-508,Watsonville/Santa Cruz City & County CoC,2789.0,284.0,202.0,486.0,2303.0,2408.0,183.0,78.0,261.0,2147.0,381.0,101.0,124.0,225.0,156.0,127.0,32.0,42.0,74.0,53.0,1161.0,68.0,1093.0,2007
CA-509,Mendocino County CoC,1422.0,187.0,97.0,284.0,1138.0,1192.0,134.0,30.0,164.0,1028.0,230.0,53.0,67.0,120.0,110.0,152.0,23.0,19.0,42.0,110.0,520.0,136.0,384.0,2007
CA-510,"Turlock, Modesto/Stanislaus County CoC",1593.0,415.0,219.0,634.0,959.0,1001.0,249.0,33.0,282.0,719.0,592.0,166.0,186.0,352.0,240.0,198.0,56.0,61.0,117.0,81.0,552.0,82.0,470.0,2007
CA-511,Stockton/San Joaquin County CoC,2479.0,1614.0,562.0,2176.0,303.0,1657.0,1279.0,138.0,1417.0,240.0,822.0,335.0,424.0,759.0,63.0,264.0,94.0,131.0,225.0,39.0,201.0,144.0,57.0,2007
CA-512,Daly/San Mateo County CoC,1798.0,205.0,499.0,704.0,1094.0,1388.0,89.0,221.0,310.0,1078.0,410.0,116.0,278.0,394.0,16.0,126.0,34.0,88.0,122.0,4.0,475.0,25.0,450.0,2007
CA-513,"Visalia/Kings, Tulare Counties CoC",1106.0,150.0,130.0,280.0,826.0,537.0,72.0,96.0,168.0,369.0,569.0,78.0,34.0,112.0,457.0,152.0,24.0,13.0,37.0,115.0,49.0,6.0,43.0,2007
CA-514,Fresno City & County/Madera County CoC,4247.0,1183.0,1552.0,2735.0,1512.0,2666.0,951.0,1078.0,2029.0,637.0,1581.0,232.0,474.0,706.0,875.0,488.0,109.0,192.0,301.0,187.0,941.0,629.0,312.0,2007
CA-515,"Roseville, Rocklin/Placer County CoC",587.0,62.0,388.0,450.0,137.0,368.0,52.0,192.0,244.0,124.0,219.0,10.0,196.0,206.0,13.0,60.0,3.0,53.0,56.0,4.0,48.0,22.0,26.0,2007
CA-516,"Redding/Shasta, Siskiyou, Lassen, Plumas, Del Norte, Modoc, Sierra Counties CoC",296.0,124.0,126.0,250.0,46.0,147.0,74.0,47.0,121.0,26.0,149.0,50.0,79.0,129.0,20.0,49.0,16.0,23.0,39.0,10.0,86.0,67.0,19.0,2007
CA-517,Napa City & County CoC,365.0,126.0,93.0,219.0,146.0,236.0,88.0,26.0,114.0,122.0,129.0,38.0,67.0,105.0,24.0,32.0,11.0,13.0,24.0,8.0,150.0,52.0,98.0,2007
CA-518,Vallejo/Solano County CoC,1956.0,270.0,187.0,457.0,1499.0,818.0,109.0,116.0,225.0,593.0,1138.0,161.0,71.0,232.0,906.0,475.0,81.0,32.0,113.0,362.0,524.0,31.0,493.0,2007
CA-519,"Chico, Paradise/Butte County CoC",1478.0,759.0,177.0,936.0,542.0,1057.0,536.0,53.0,589.0,468.0,421.0,223.0,124.0,347.0,74.0,134.0,60.0,31.0,91.0,43.0,353.0,188.0,165.0,2007
CA-520,Merced City & County CoC,2641.0,137.0,84.0,221.0,2420.0,2195.0,117.0,69.0,186.0,2009.0,446.0,20.0,15.0,35.0,411.0,131.0,6.0,4.0,10.0,121.0,701.0,0.0,701.0,2007
CA-521,"Davis, Woodland/Yolo County CoC",414.0,61.0,167.0,228.0,186.0,292.0,48.0,62.0,110.0,182.0,122.0,13.0,105.0,118.0,4.0,37.0,4.0,32.0,36.0,1.0,93.0,15.0,78.0,2007
CA-522,Humboldt County CoC,907.0,172.0,150.0,322.0,585.0,366.0,87.0,52.0,139.0,227.0,541.0,85.0,98.0,183.0,358.0,146.0,27.0,30.0,57.0,89.0,219.0,29.0,190.0,2007
CA-523,"Colusa, Glenn, Trinity Counties CoC",155.0,16.0,38.0,54.0,101.0,61.0,7.0,11.0,18.0,43.0,94.0,9.0,27.0,36.0,58.0,24.0,3.0,7.0,10.0,14.0,27.0,0.0,27.0,2007
CA-524,Yuba City & County/Sutter County CoC,362.0,48.0,251.0,299.0,63.0,212.0,39.0,114.0,153.0,59.0,150.0,9.0,137.0,146.0,4.0,45.0,4.0,39.0,43.0,2.0,44.0,9.0,35.0,2007
CA-525,El Dorado County CoC,107.0,38.0,53.0,91.0,16.0,65.0,22.0,32.0,54.0,11.0,42.0,16.0,21.0,37.0,5.0,12.0,4.0,7.0,11.0,1.0,8.0,7.0,1.0,2007
CA-526,"Amador, Calaveras, Mariposa, Tuolumne Counties CoC",400.0,58.0,21.0,79.0,321.0,252.0,26.0,0.0,26.0,226.0,148.0,32.0,21.0,53.0,95.0,51.0,13.0,6.0,19.0,32.0,90.0,14.0,76.0,2007
CA-600,Los Angeles City & County CoC,47862.0,5525.0,5917.0,11442.0,36420.0,44185.0,4492.0,3925.0,8417.0,35768.0,3677.0,1033.0,1992.0,3025.0,652.0,1165.0,297.0,612.0,909.0,256.0,19031.0,1604.0,17427.0,2007
CA-601,San Diego City and County CoC,7326.0,1152.0,2829.0,3981.0,3345.0,5295.0,756.0,1589.0,2345.0,2950.0,2031.0,396.0,1240.0,1636.0,395.0,685.0,132.0,434.0,566.0,119.0,975.0,268.0,707.0,2007
CA-602,"Santa Ana, Anaheim/Orange County CoC",3649.0,1410.0,1168.0,2578.0,1071.0,2112.0,936.0,360.0,1296.0,816.0,1537.0,474.0,808.0,1282.0,255.0,513.0,171.0,268.0,439.0,74.0,257.0,36.0,221.0,2007
CA-603,Santa Maria/Santa Barbara County CoC,4253.0,554.0,926.0,1480.0,2773.0,3212.0,281.0,430.0,711.0,2501.0,1041.0,273.0,496.0,769.0,272.0,245.0,81.0,97.0,178.0,67.0,503.0,244.0,259.0,2007
CA-604,Bakersfield/Kern County CoC,1537.0,389.0,516.0,905.0,632.0,1248.0,252.0,394.0,646.0,602.0,289.0,137.0,122.0,259.0,30.0,89.0,40.0,43.0,83.0,6.0,316.0,69.0,247.0,2007
CA-606,Long Beach CoC,3829.0,613.0,1066.0,1679.0,2150.0,2814.0,386.0,803.0,1189.0,1625.0,1015.0,227.0,263.0,490.0,525.0,320.0,75.0,88.0,163.0,157.0,628.0,0.0,628.0,2007
CA-607,Pasadena CoC,969.0,322.0,112.0,434.0,535.0,676.0,235.0,63.0,298.0,378.0,293.0,87.0,49.0,136.0,157.0,74.0,23.0,12.0,35.0,39.0,279.0,59.0,220.0,2007
CA-608,Riverside City & County CoC,4508.0,484.0,846.0,1330.0,3178.0,3343.0,263.0,349.0,612.0,2731.0,1165.0,221.0,497.0,718.0,447.0,338.0,69.0,136.0,205.0,133.0,1003.0,154.0,849.0,2007
CA-609,San Bernardino City & County CoC,6969.0,807.0,413.0,1220.0,5749.0,6191.0,317.0,292.0,609.0,5582.0,778.0,490.0,121.0,611.0,167.0,237.0,152.0,40.0,192.0,45.0,2386.0,142.0,2244.0,2007
CA-611,"Oxnard, San Buenaventura/Ventura County CoC",1961.0,218.0,208.0,426.0,1535.0,1513.0,145.0,102.0,247.0,1266.0,448.0,73.0,106.0,179.0,269.0,132.0,16.0,36.0,52.0,80.0,301.0,42.0,259.0,2007
CA-612,Glendale CoC,296.0,151.0,82.0,233.0,63.0,161.0,113.0,10.0,123.0,38.0,135.0,38.0,72.0,110.0,25.0,50.0,16.0,26.0,42.0,8.0,79.0,64.0,15.0,2007
CA-613,Imperial County CoC,342.0,89.0,24.0,113.0,229.0,54.0,54.0,0.0,54.0,0.0,288.0,35.0,24.0,59.0,229.0,29.0,17.0,12.0,29.0,0.0,229.0,0.0,229.0,2007
CA-614,San Luis Obispo County CoC,2408.0,133.0,54.0,187.0,2221.0,1348.0,76.0,54.0,130.0,1218.0,1060.0,57.0,0.0,57.0,1003.0,193.0,22.0,0.0,22.0,171.0,615.0,15.0,600.0,2007
CO-500,Colorado Balance of State CoC,4450.0,601.0,492.0,1093.0,3357.0,2633.0,347.0,104.0,451.0,2182.0,1817.0,254.0,388.0,642.0,1175.0,613.0,104.0,147.0,251.0,362.0,1443.0,31.0,1412.0,2007
CO-503,Metropolitan Denver CoC,8698.0,2701.0,2484.0,5185.0,3513.0,3449.0,1554.0,615.0,2169.0,1280.0,5249.0,1147.0,1869.0,3016.0,2233.0,1994.0,459.0,647.0,1106.0,888.0,412.0,272.0,140.0,2007
CO-504,Colorado Springs/El Paso County CoC,1077.0,328.0,365.0,693.0,384.0,762.0,257.0,177.0,434.0,328.0,315.0,71.0,188.0,259.0,56.0,97.0,21.0,54.0,75.0,22.0,195.0,101.0,94.0,2007
CT-503,"Bridgeport, Stamford, Norwalk, Danbury/Fairfield County CoC",919.0,394.0,395.0,789.0,130.0,627.0,300.0,204.0,504.0,123.0,292.0,94.0,191.0,285.0,7.0,93.0,31.0,59.0,90.0,3.0,135.0,75.0,60.0,2007
CT-505,Connecticut Balance of State CoC,3563.0,1868.0,1014.0,2882.0,681.0,2546.0,1331.0,621.0,1952.0,594.0,1017.0,537.0,393.0,930.0,87.0,349.0,180.0,134.0,314.0,35.0,888.0,521.0,367.0,2007
DC-500,District of Columbia CoC,5320.0,3248.0,1732.0,4980.0,340.0,3717.0,2455.0,922.0,3377.0,340.0,1603.0,793.0,810.0,1603.0,0.0,507.0,246.0,261.0,507.0,0.0,1760.0,1439.0,321.0,2007
DE-500,Delaware Statewide CoC,1061.0,439.0,415.0,854.0,207.0,716.0,283.0,247.0,530.0,186.0,345.0,156.0,168.0,324.0,21.0,119.0,56.0,55.0,111.0,8.0,150.0,76.0,74.0,2007
FL-500,"Sarasota, Bradenton/Manatee, Sarasota Counties CoC",1012.0,274.0,220.0,494.0,518.0,777.0,197.0,145.0,342.0,435.0,235.0,77.0,75.0,152.0,83.0,79.0,20.0,25.0,45.0,34.0,135.0,0.0,135.0,2007
FL-501,Tampa/Hillsborough County CoC,6483.0,358.0,692.0,1050.0,5433.0,4397.0,262.0,322.0,584.0,3813.0,2086.0,96.0,370.0,466.0,1620.0,837.0,40.0,108.0,148.0,689.0,528.0,147.0,381.0,2007
FL-502,"St. Petersburg, Clearwater, Largo/Pinellas County CoC",2526.0,487.0,818.0,1305.0,1221.0,2129.0,359.0,552.0,911.0,1218.0,397.0,128.0,266.0,394.0,3.0,151.0,54.0,96.0,150.0,1.0,611.0,197.0,414.0,2007
FL-503,"Lakeland, Winterhaven/Polk County CoC",802.0,208.0,279.0,487.0,315.0,593.0,177.0,159.0,336.0,257.0,209.0,31.0,120.0,151.0,58.0,63.0,10.0,38.0,48.0,15.0,197.0,179.0,18.0,2007
FL-504,"Deltona, Daytona Beach/Volusia, Flagler Counties CoC",1478.0,101.0,468.0,569.0,909.0,854.0,70.0,133.0,203.0,651.0,624.0,31.0,335.0,366.0,258.0,304.0,9.0,209.0,218.0,86.0,184.0,0.0,184.0,2007
FL-505,"Fort Walton Beach/Okaloosa, Walton Counties CoC",2179.0,45.0,60.0,105.0,2074.0,1193.0,21.0,30.0,51.0,1142.0,986.0,24.0,30.0,54.0,932.0,442.0,12.0,12.0,24.0,418.0,828.0,0.0,828.0,2007
FL-506,Tallahassee/Leon County CoC,590.0,254.0,241.0,495.0,95.0,434.0,200.0,164.0,364.0,70.0,156.0,54.0,77.0,131.0,25.0,44.0,14.0,23.0,37.0,7.0,150.0,100.0,50.0,2007
FL-507,"Orlando/Orange, Osceola, Seminole Counties CoC",3823.0,734.0,1269.0,2003.0,1820.0,2009.0,412.0,827.0,1239.0,770.0,1814.0,322.0,442.0,764.0,1050.0,544.0,96.0,128.0,224.0,320.0,951.0,324.0,627.0,2007
FL-508,"Gainesville/Alachua, Putnam Counties CoC",678.0,155.0,108.0,263.0,415.0,589.0,117.0,64.0,181.0,408.0,89.0,38.0,44.0,82.0,7.0,39.0,13.0,20.0,33.0,6.0,179.0,5.0,174.0,2007
FL-509,"Fort Pierce/St. Lucie, Indian River, Martin Counties CoC",1734.0,317.0,141.0,458.0,1276.0,972.0,106.0,39.0,145.0,827.0,762.0,211.0,102.0,313.0,449.0,398.0,68.0,39.0,107.0,291.0,202.0,0.0,202.0,2007
FL-510,"Jacksonville-Duval, Clay Counties CoC",2743.0,828.0,757.0,1585.0,1158.0,2237.0,664.0,423.0,1087.0,1150.0,506.0,164.0,334.0,498.0,8.0,250.0,134.0,114.0,248.0,2.0,416.0,282.0,134.0,2007
FL-511,"Pensacola/Escambia, Santa Rosa Counties CoC",629.0,168.0,179.0,347.0,282.0,368.0,89.0,121.0,210.0,158.0,261.0,79.0,58.0,137.0,124.0,104.0,47.0,17.0,64.0,40.0,36.0,0.0,36.0,2007
FL-512,St. Johns County CoC,1238.0,60.0,46.0,106.0,1132.0,1099.0,32.0,4.0,36.0,1063.0,139.0,28.0,42.0,70.0,69.0,50.0,14.0,19.0,33.0,17.0,119.0,0.0,119.0,2007
FL-513,"Palm Bay, Melbourne/Brevard County CoC",1899.0,94.0,408.0,502.0,1397.0,1532.0,52.0,249.0,301.0,1231.0,367.0,42.0,159.0,201.0,166.0,115.0,16.0,43.0,59.0,56.0,576.0,25.0,551.0,2007
FL-514,Ocala/Marion County CoC,480.0,139.0,173.0,312.0,168.0,348.0,105.0,75.0,180.0,168.0,132.0,34.0,98.0,132.0,0.0,45.0,13.0,32.0,45.0,0.0,7.0,7.0,0.0,2007
FL-515,"Panama City/Bay, Jackson Counties CoC",313.0,62.0,149.0,211.0,102.0,269.0,43.0,124.0,167.0,102.0,44.0,19.0,25.0,44.0,0.0,12.0,5.0,7.0,12.0,0.0,30.0,0.0,30.0,2007
FL-517,"Hendry, Hardee, Highlands Counties CoC",904.0,0.0,664.0,664.0,240.0,904.0,0.0,664.0,664.0,240.0,0.0,0.0,0.0,0.0,0.0,0.0,0.0,0.0,0.0,0.0,240.0,0.0,240.0,2007
FL-518,"Columbia, Hamilton, Lafayette, Suwannee Counties CoC",250.0,77.0,8.0,85.0,165.0,149.0,45.0,8.0,53.0,96.0,101.0,32.0,0.0,32.0,69.0,19.0,8.0,0.0,8.0,11.0,59.0,17.0,42.0,2007
FL-519,Pasco County CoC,2260.0,1379.0,0.0,1379.0,881.0,433.0,246.0,0.0,246.0,187.0,1827.0,1133.0,0.0,1133.0,694.0,831.0,515.0,0.0,515.0,316.0,212.0,151.0,61.0,2007
FL-520,"Citrus, Hernando, Lake, Sumter Counties CoC",2019.0,74.0,118.0,192.0,1827.0,845.0,40.0,104.0,144.0,701.0,1174.0,34.0,14.0,48.0,1126.0,378.0,14.0,5.0,19.0,359.0,86.0,8.0,78.0,2007
FL-600,Miami-Dade County CoC,4392.0,1304.0,1708.0,3012.0,1380.0,3163.0,830.0,955.0,1785.0,1378.0,1229.0,474.0,753.0,1227.0,2.0,347.0,144.0,202.0,346.0,1.0,407.0,133.0,274.0,2007
FL-601,Ft Lauderdale/Broward County CoC,3154.0,834.0,1619.0,2453.0,701.0,2451.0,594.0,1220.0,1814.0,637.0,703.0,240.0,399.0,639.0,64.0,178.0,60.0,95.0,155.0,23.0,222.0,59.0,163.0,2007
FL-602,Punta Gorda/Charlotte County CoC,730.0,64.0,386.0,450.0,280.0,635.0,34.0,328.0,362.0,273.0,95.0,30.0,58.0,88.0,7.0,46.0,15.0,29.0,44.0,2.0,273.0,0.0,273.0,2007
FL-603,"Ft Myers, Cape Coral/Lee County CoC",2382.0,162.0,271.0,433.0,1949.0,1958.0,109.0,265.0,374.0,1584.0,424.0,53.0,6.0,59.0,365.0,123.0,10.0,1.0,11.0,112.0,147.0,54.0,93.0,2007
FL-604,Monroe County CoC,1121.0,265.0,212.0,477.0,644.0,1017.0,240.0,170.0,410.0,607.0,104.0,25.0,42.0,67.0,37.0,37.0,13.0,14.0,27.0,10.0,289.0,120.0,169.0,2007
FL-605,West Palm Beach/Palm Beach County CoC,1766.0,345.0,382.0,727.0,1039.0,1302.0,157.0,157.0,314.0,988.0,464.0,188.0,225.0,413.0,51.0,150.0,59.0,74.0,133.0,17.0,329.0,34.0,295.0,2007
FL-606,Naples/Collier County CoC,484.0,200.0,165.0,365.0,119.0,383.0,166.0,103.0,269.0,114.0,101.0,34.0,62.0,96.0,5.0,32.0,9.0,21.0,30.0,2.0,50.0,0.0,50.0,2007
GA-500,Atlanta CoC,6840.0,2386.0,2339.0,4725.0,2115.0,5622.0,2027.0,1524.0,3551.0,2071.0,1218.0,359.0,815.0,1174.0,44.0,379.0,115.0,250.0,365.0,14.0,1196.0,583.0,613.0,2007
GA-501,Georgia Balance of State CoC,10255.0,916.0,1055.0,1971.0,8284.0,5028.0,616.0,475.0,1091.0,3937.0,5227.0,300.0,580.0,880.0,4347.0,1550.0,142.0,166.0,308.0,1242.0,657.0,278.0,379.0,2007
GA-503,Athens-Clarke County CoC,464.0,192.0,141.0,333.0,131.0,304.0,98.0,83.0,181.0,123.0,160.0,94.0,58.0,152.0,8.0,53.0,31.0,19.0,50.0,3.0,158.0,74.0,84.0,2007
GA-504,Augusta-Richmond County CoC,489.0,276.0,175.0,451.0,38.0,373.0,243.0,96.0,339.0,34.0,116.0,33.0,79.0,112.0,4.0,40.0,13.0,26.0,39.0,1.0,90.0,90.0,0.0,2007
GA-505,Columbus-Muscogee CoC,540.0,140.0,48.0,188.0,352.0,413.0,98.0,48.0,146.0,267.0,127.0,42.0,0.0,42.0,85.0,49.0,15.0,0.0,15.0,34.0,69.0,38.0,31.0,2007
GA-506,Marietta/Cobb County CoC,537.0,125.0,204.0,329.0,208.0,346.0,74.0,86.0,160.0,186.0,191.0,51.0,118.0,169.0,22.0,69.0,20.0,41.0,61.0,8.0,154.0,45.0,109.0,2007
GA-507,Savannah/Chatham County CoC,514.0,232.0,112.0,344.0,170.0,435.0,195.0,80.0,275.0,160.0,79.0,37.0,32.0,69.0,10.0,37.0,16.0,11.0,27.0,10.0,160.0,0.0,160.0,2007
GU-500,Guam CoC,725.0,33.0,70.0,103.0,622.0,254.0,14.0,39.0,53.0,201.0,471.0,19.0,31.0,50.0,421.0,120.0,5.0,9.0,14.0,106.0,0.0,0.0,0.0,2007
HI-500,Hawaii Balance of State CoC,2320.0,310.0,445.0,755.0,1565.0,1245.0,310.0,36.0,346.0,899.0,1075.0,0.0,409.0,409.0,666.0,296.0,0.0,121.0,121.0,175.0,553.0,18.0,535.0,2007
HI-501,Honolulu City and County CoC,3750.0,729.0,1228.0,1957.0,1793.0,2090.0,344.0,410.0,754.0,1336.0,1660.0,385.0,818.0,1203.0,457.0,438.0,115.0,208.0,323.0,115.0,225.0,114.0,111.0,2007
IA-500,"Sioux City/Dakota, Woodbury Counties CoC",164.0,81.0,78.0,159.0,5.0,122.0,71.0,46.0,117.0,5.0,42.0,10.0,32.0,42.0,0.0,17.0,3.0,14.0,17.0,0.0,41.0,41.0,0.0,2007
IA-501,Iowa Balance of State CoC,1529.0,463.0,877.0,1340.0,189.0,678.0,301.0,226.0,527.0,151.0,851.0,162.0,651.0,813.0,38.0,305.0,58.0,229.0,287.0,18.0,107.0,84.0,23.0,2007
IA-502,Des Moines/Polk County CoC,1041.0,308.0,634.0,942.0,99.0,704.0,243.0,367.0,610.0,94.0,337.0,65.0,267.0,332.0,5.0,105.0,22.0,82.0,104.0,1.0,159.0,100.0,59.0,2007
ID-500,Boise/Ada County CoC,581.0,336.0,136.0,472.0,109.0,410.0,295.0,12.0,307.0,103.0,171.0,41.0,124.0,165.0,6.0,57.0,17.0,38.0,55.0,2.0,26.0,4.0,22.0,2007
ID-501,Idaho Balance of State CoC,1168.0,250.0,403.0,653.0,515.0,692.0,145.0,161.0,306.0,386.0,476.0,105.0,242.0,347.0,129.0,153.0,38.0,82.0,120.0,33.0,69.0,33.0,36.0,2007
IL-500,McHenry County CoC,253.0,64.0,171.0,235.0,18.0,183.0,51.0,121.0,172.0,11.0,70.0,13.0,50.0,63.0,7.0,24.0,5.0,16.0,21.0,3.0,34.0,23.0,11.0,2007
IL-501,"Rockford/DeKalb, Winnebago, Boone Counties CoC",705.0,313.0,318.0,631.0,74.0,381.0,208.0,116.0,324.0,57.0,324.0,105.0,202.0,307.0,17.0,114.0,26.0,82.0,108.0,6.0,149.0,119.0,30.0,2007
IL-502,"Waukegan, North Chicago/Lake County CoC",496.0,234.0,252.0,486.0,10.0,240.0,129.0,101.0,230.0,10.0,256.0,105.0,151.0,256.0,0.0,82.0,28.0,54.0,82.0,0.0,52.0,48.0,4.0,2007
IL-503,"Champaign, Urbana, Rantoul/Champaign County CoC",429.0,236.0,180.0,416.0,13.0,158.0,136.0,20.0,156.0,2.0,271.0,100.0,160.0,260.0,11.0,102.0,35.0,63.0,98.0,4.0,59.0,57.0,2.0,2007
IL-504,Madison County CoC,240.0,81.0,122.0,203.0,37.0,77.0,43.0,3.0,46.0,31.0,163.0,38.0,119.0,157.0,6.0,51.0,12.0,36.0,48.0,3.0,23.0,15.0,8.0,2007
IL-506,"Joliet, Bolingbrook/Will County CoC",397.0,125.0,254.0,379.0,18.0,244.0,105.0,124.0,229.0,15.0,153.0,20.0,130.0,150.0,3.0,60.0,8.0,51.0,59.0,1.0,39.0,25.0,14.0,2007
IL-507,"Peoria, Pekin/Fulton, Tazewell, Peoria, Woodford Counties CoC",434.0,167.0,169.0,336.0,98.0,335.0,149.0,88.0,237.0,98.0,99.0,18.0,81.0,99.0,0.0,30.0,3.0,27.0,30.0,0.0,183.0,85.0,98.0,2007
IL-508,"East St. Louis, Belleville/St. Clair County CoC",799.0,235.0,207.0,442.0,357.0,286.0,106.0,40.0,146.0,140.0,513.0,129.0,167.0,296.0,217.0,160.0,38.0,35.0,73.0,87.0,82.0,20.0,62.0,2007
IL-510,Chicago CoC,5979.0,2078.0,2268.0,4346.0,1633.0,3927.0,1664.0,695.0,2359.0,1568.0,2052.0,414.0,1573.0,1987.0,65.0,598.0,119.0,457.0,576.0,22.0,1018.0,334.0,684.0,2007
IL-511,Cook County CoC,1420.0,512.0,650.0,1162.0,258.0,721.0,342.0,130.0,472.0,249.0,699.0,170.0,520.0,690.0,9.0,328.0,64.0,261.0,325.0,3.0,237.0,141.0,96.0,2007
IL-512,Bloomington/Central Illinois CoC,467.0,241.0,158.0,399.0,68.0,228.0,156.0,29.0,185.0,43.0,239.0,85.0,129.0,214.0,25.0,73.0,27.0,40.0,67.0,6.0,57.0,44.0,13.0,2007
IL-513,Springfield/Sangamon County CoC,260.0,88.0,157.0,245.0,15.0,96.0,36.0,45.0,81.0,15.0,164.0,52.0,112.0,164.0,0.0,94.0,32.0,62.0,94.0,0.0,24.0,17.0,7.0,2007
IL-514,DuPage County CoC,766.0,190.0,452.0,642.0,124.0,380.0,142.0,136.0,278.0,102.0,386.0,48.0,316.0,364.0,22.0,131.0,18.0,105.0,123.0,8.0,173.0,71.0,102.0,2007
IL-515,South Central Illinois CoC,246.0,178.0,36.0,214.0,32.0,58.0,45.0,5.0,50.0,8.0,188.0,133.0,31.0,164.0,24.0,63.0,44.0,11.0,55.0,8.0,11.0,10.0,1.0,2007
IL-516,Decatur/Macon County CoC,347.0,94.0,73.0,167.0,180.0,124.0,52.0,13.0,65.0,59.0,223.0,42.0,60.0,102.0,121.0,73.0,14.0,23.0,37.0,36.0,34.0,21.0,13.0,2007
IL-517,"Aurora, Elgin/Kane County CoC",474.0,275.0,143.0,418.0,56.0,356.0,224.0,76.0,300.0,56.0,118.0,51.0,67.0,118.0,0.0,36.0,16.0,20.0,36.0,0.0,245.0,212.0,33.0,2007
IL-518,"Rock Island, Moline/Northwestern Illinois CoC",600.0,224.0,282.0,506.0,94.0,208.0,116.0,81.0,197.0,11.0,392.0,108.0,201.0,309.0,83.0,104.0,27.0,52.0,79.0,25.0,85.0,75.0,10.0,2007
IL-519,West Central Illinois CoC,305.0,16.0,132.0,148.0,157.0,235.0,14.0,83.0,97.0,138.0,70.0,2.0,49.0,51.0,19.0,27.0,1.0,17.0,18.0,9.0,17.0,4.0,13.0,2007
IL-520,Southern Illinois CoC,870.0,562.0,234.0,796.0,74.0,416.0,276.0,82.0,358.0,58.0,454.0,286.0,152.0,438.0,16.0,123.0,83.0,34.0,117.0,6.0,159.0,113.0,46.0,2007
IN-502,Indiana Balance of State CoC,5490.0,2180.0,2282.0,4462.0,1028.0,3407.0,1436.0,1095.0,2531.0,876.0,2083.0,744.0,1187.0,1931.0,152.0,714.0,265.0,408.0,673.0,41.0,565.0,348.0,217.0,2007
IN-503,Indianapolis CoC,1868.0,691.0,943.0,1634.0,234.0,1327.0,462.0,631.0,1093.0,234.0,541.0,229.0,312.0,541.0,0.0,149.0,73.0,76.0,149.0,0.0,129.0,102.0,27.0,2007
KS-502,Wichita/Sedgwick County CoC,526.0,337.0,136.0,473.0,53.0,368.0,260.0,56.0,316.0,52.0,158.0,77.0,80.0,157.0,1.0,51.0,23.0,27.0,50.0,1.0,56.0,51.0,5.0,2007
KS-503,Topeka/Shawnee County CoC,227.0,186.0,40.0,226.0,1.0,99.0,95.0,3.0,98.0,1.0,128.0,91.0,37.0,128.0,0.0,38.0,27.0,11.0,38.0,0.0,18.0,17.0,1.0,2007
KS-505,"Overland Park, Shawnee/Johnson County CoC",234.0,86.0,61.0,147.0,87.0,60.0,9.0,8.0,17.0,43.0,174.0,77.0,53.0,130.0,44.0,50.0,23.0,17.0,40.0,10.0,12.0,3.0,9.0,2007
KS-507,Kansas Balance of State CoC,937.0,502.0,351.0,853.0,84.0,554.0,277.0,220.0,497.0,57.0,383.0,225.0,131.0,356.0,27.0,126.0,75.0,41.0,116.0,10.0,50.0,36.0,14.0,2007
KY-500,Kentucky Balance of State CoC,4316.0,933.0,1488.0,2421.0,1895.0,1503.0,455.0,316.0,771.0,732.0,2813.0,478.0,1172.0,1650.0,1163.0,849.0,144.0,365.0,509.0,340.0,186.0,113.0,73.0,2007
KY-501,Louisville-Jefferson County CoC,2587.0,1230.0,1177.0,2407.0,180.0,1641.0,965.0,496.0,1461.0,180.0,946.0,265.0,681.0,946.0,0.0,332.0,72.0,260.0,332.0,0.0,259.0,125.0,134.0,2007
KY-502,Lexington-Fayette County CoC,1158.0,503.0,609.0,1112.0,46.0,746.0,437.0,265.0,702.0,44.0,412.0,66.0,344.0,410.0,2.0,186.0,25.0,160.0,185.0,1.0,129.0,113.0,16.0,2007
LA-500,Lafayette/Acadiana CoC,631.0,159.0,298.0,457.0,174.0,305.0,70.0,144.0,214.0,91.0,326.0,89.0,154.0,243.0,83.0,104.0,26.0,53.0,79.0,25.0,47.0,16.0,31.0,2007
LA-502,"Shreveport, Bossier/Northwest Louisiana CoC",857.0,343.0,380.0,723.0,134.0,504.0,162.0,279.0,441.0,63.0,353.0,181.0,101.0,282.0,71.0,118.0,64.0,33.0,97.0,21.0,78.0,52.0,26.0,2007
LA-503,New Orleans/Jefferson Parish CoC,1619.0,335.0,655.0,990.0,629.0,801.0,243.0,261.0,504.0,297.0,818.0,92.0,394.0,486.0,332.0,262.0,33.0,126.0,159.0,103.0,220.0,60.0,160.0,2007
LA-505,Monroe/Northeast Louisiana CoC,313.0,82.0,180.0,262.0,51.0,120.0,52.0,54.0,106.0,14.0,193.0,30.0,126.0,156.0,37.0,59.0,12.0,36.0,48.0,11.0,15.0,14.0,1.0,2007
LA-506,Slidell/Southeast Louisiana CoC,434.0,101.0,102.0,203.0,231.0,171.0,41.0,25.0,66.0,105.0,263.0,60.0,77.0,137.0,126.0,83.0,21.0,25.0,46.0,37.0,42.0,15.0,27.0,2007
LA-507,Alexandria/Central Louisiana CoC,188.0,87.0,53.0,140.0,48.0,109.0,52.0,20.0,72.0,37.0,79.0,35.0,33.0,68.0,11.0,28.0,11.0,12.0,23.0,5.0,26.0,14.0,12.0,2007
LA-509,Louisiana Balance of State CoC,1452.0,281.0,861.0,1142.0,310.0,963.0,156.0,596.0,752.0,211.0,489.0,125.0,265.0,390.0,99.0,178.0,42.0,106.0,148.0,30.0,134.0,55.0,79.0,2007
MA-500,Boston CoC,5104.0,2324.0,2474.0,4798.0,306.0,2948.0,1400.0,1242.0,2642.0,306.0,2156.0,924.0,1232.0,2156.0,0.0,771.0,355.0,416.0,771.0,0.0,988.0,854.0,134.0,2007
MA-501,"Holyoke/Franklin, Hampden, Hampshire Counties CoC",964.0,616.0,295.0,911.0,53.0,417.0,123.0,241.0,364.0,53.0,547.0,493.0,54.0,547.0,0.0,156.0,131.0,25.0,156.0,0.0,81.0,46.0,35.0,2007
MA-502,Lynn CoC,236.0,125.0,83.0,208.0,28.0,170.0,98.0,44.0,142.0,28.0,66.0,27.0,39.0,66.0,0.0,26.0,11.0,15.0,26.0,0.0,126.0,98.0,28.0,2007
MA-503,Cape Cod Islands CoC,697.0,258.0,110.0,368.0,329.0,408.0,103.0,67.0,170.0,238.0,289.0,155.0,43.0,198.0,91.0,119.0,69.0,17.0,86.0,33.0,288.0,93.0,195.0,2007
MA-504,Springfield/Hampden County CoC,1053.0,592.0,428.0,1020.0,33.0,729.0,409.0,287.0,696.0,33.0,324.0,183.0,141.0,324.0,0.0,116.0,62.0,54.0,116.0,0.0,149.0,136.0,13.0,2007
MA-505,New Bedford CoC,390.0,148.0,208.0,356.0,34.0,309.0,78.0,197.0,275.0,34.0,81.0,70.0,11.0,81.0,0.0,23.0,19.0,4.0,23.0,0.0,78.0,78.0,0.0,2007
MA-506,Worcester City & County CoC,1302.0,755.0,513.0,1268.0,34.0,677.0,409.0,242.0,651.0,26.0,625.0,346.0,271.0,617.0,8.0,239.0,132.0,103.0,235.0,4.0,144.0,117.0,27.0,2007
MA-507,"Pittsfield/Berkshire, Franklin, Hampshire Counties CoC",374.0,77.0,238.0,315.0,59.0,206.0,33.0,141.0,174.0,32.0,168.0,44.0,97.0,141.0,27.0,60.0,13.0,36.0,49.0,11.0,40.0,22.0,18.0,2007
MA-509,Cambridge CoC,432.0,266.0,110.0,376.0,56.0,346.0,191.0,99.0,290.0,56.0,86.0,75.0,11.0,86.0,0.0,33.0,28.0,5.0,33.0,0.0,200.0,144.0,56.0,2007
MA-511,"Quincy, Brockton, Weymouth, Plymouth City and County CoC",934.0,566.0,253.0,819.0,115.0,419.0,169.0,135.0,304.0,115.0,515.0,397.0,118.0,515.0,0.0,184.0,142.0,42.0,184.0,0.0,167.0,61.0,106.0,2007
MA-514,Framingham/Waltham CoC,747.0,502.0,73.0,575.0,172.0,225.0,133.0,73.0,206.0,19.0,522.0,369.0,0.0,369.0,153.0,196.0,135.0,0.0,135.0,61.0,108.0,89.0,19.0,2007
MA-515,Fall River CoC,153.0,64.0,75.0,139.0,14.0,108.0,40.0,54.0,94.0,14.0,45.0,24.0,21.0,45.0,0.0,18.0,9.0,9.0,18.0,0.0,24.0,23.0,1.0,2007
MA-516,Massachusetts Balance of State CoC,2449.0,956.0,1375.0,2331.0,118.0,1163.0,379.0,685.0,1064.0,99.0,1286.0,577.0,690.0,1267.0,19.0,488.0,202.0,279.0,481.0,7.0,352.0,290.0,62.0,2007
MA-519,"Attleboro, Taunton/Bristol County CoC",292.0,62.0,167.0,229.0,63.0,167.0,18.0,89.0,107.0,60.0,125.0,44.0,78.0,122.0,3.0,39.0,13.0,25.0,38.0,1.0,45.0,5.0,40.0,2007
MD-501,Baltimore CoC,2607.0,981.0,997.0,1978.0,629.0,1653.0,751.0,619.0,1370.0,283.0,954.0,230.0,378.0,608.0,346.0,318.0,85.0,128.0,213.0,105.0,410.0,218.0,192.0,2007
MD-503,Annapolis/Anne Arundel County CoC,289.0,154.0,64.0,218.0,71.0,154.0,69.0,14.0,83.0,71.0,135.0,85.0,50.0,135.0,0.0,42.0,25.0,17.0,42.0,0.0,74.0,26.0,48.0,2007
MD-504,Howard County CoC,175.0,94.0,57.0,151.0,24.0,54.0,30.0,0.0,30.0,24.0,121.0,64.0,57.0,121.0,0.0,23.0,9.0,14.0,23.0,0.0,0.0,0.0,0.0,2007
MD-505,Baltimore County CoC,634.0,409.0,167.0,576.0,58.0,192.0,125.0,21.0,146.0,46.0,442.0,284.0,146.0,430.0,12.0,117.0,73.0,41.0,114.0,3.0,46.0,0.0,46.0,2007
MD-506,Carroll County CoC,174.0,96.0,65.0,161.0,13.0,124.0,69.0,44.0,113.0,11.0,50.0,27.0,21.0,48.0,2.0,19.0,10.0,8.0,18.0,1.0,31.0,28.0,3.0,2007
MD-511,Mid-Shore Regional CoC,311.0,95.0,44.0,139.0,172.0,200.0,51.0,24.0,75.0,125.0,111.0,44.0,20.0,64.0,47.0,32.0,13.0,6.0,19.0,13.0,63.0,0.0,63.0,2007
MD-513,"Wicomico, Somerset, Worcester Counties CoC",215.0,150.0,28.0,178.0,37.0,138.0,95.0,13.0,108.0,30.0,77.0,55.0,15.0,70.0,7.0,34.0,25.0,6.0,31.0,3.0,53.0,42.0,11.0,2007
MD-514,Maryland Balance of State CoC,2916.0,627.0,551.0,1178.0,1738.0,1091.0,369.0,261.0,630.0,461.0,1825.0,258.0,290.0,548.0,1277.0,568.0,89.0,103.0,192.0,376.0,378.0,175.0,203.0,2007
MD-600,Prince George's County CoC,1168.0,429.0,394.0,823.0,345.0,806.0,247.0,214.0,461.0,345.0,362.0,182.0,180.0,362.0,0.0,111.0,57.0,54.0,111.0,0.0,264.0,104.0,160.0,2007
MD-601,Montgomery County CoC,1139.0,529.0,487.0,1016.0,123.0,640.0,310.0,207.0,517.0,123.0,499.0,219.0,280.0,499.0,0.0,151.0,65.0,86.0,151.0,0.0,231.0,156.0,75.0,2007
ME-500,Maine Statewide CoC,2638.0,664.0,1912.0,2576.0,62.0,1136.0,451.0,637.0,1088.0,48.0,1502.0,213.0,1275.0,1488.0,14.0,502.0,74.0,423.0,497.0,5.0,97.0,67.0,30.0,2007
MI-500,Michigan Balance of State CoC,2471.0,887.0,574.0,1461.0,1010.0,1080.0,334.0,190.0,524.0,556.0,1391.0,553.0,384.0,937.0,454.0,464.0,190.0,118.0,308.0,156.0,158.0,79.0,79.0,2007
MI-501,Detroit CoC,18062.0,3399.0,1339.0,4738.0,13324.0,11913.0,2608.0,1027.0,3635.0,8278.0,6149.0,791.0,312.0,1103.0,5046.0,1520.0,258.0,128.0,386.0,1134.0,1503.0,261.0,1242.0,2007
MI-502,"Dearborn, Dearborn Heights, Westland/Wayne County CoC",865.0,374.0,244.0,618.0,247.0,513.0,292.0,124.0,416.0,97.0,352.0,82.0,120.0,202.0,150.0,97.0,23.0,31.0,54.0,43.0,122.0,42.0,80.0,2007
MI-503,"St. Clair Shores, Warren/Macomb County CoC",769.0,215.0,36.0,251.0,518.0,541.0,140.0,28.0,168.0,373.0,228.0,75.0,8.0,83.0,145.0,77.0,23.0,3.0,26.0,51.0,163.0,32.0,131.0,2007
MI-504,"Pontiac, Royal Oak/Oakland County CoC",1011.0,122.0,280.0,402.0,609.0,804.0,50.0,152.0,202.0,602.0,207.0,72.0,128.0,200.0,7.0,37.0,27.0,9.0,36.0,1.0,123.0,100.0,23.0,2007
MI-505,Flint/Genesee County CoC,354.0,180.0,33.0,213.0,141.0,257.0,114.0,24.0,138.0,119.0,97.0,66.0,9.0,75.0,22.0,34.0,22.0,5.0,27.0,7.0,27.0,10.0,17.0,2007
MI-506,"Grand Rapids, Wyoming/Kent County CoC",912.0,333.0,474.0,807.0,105.0,462.0,225.0,153.0,378.0,84.0,450.0,108.0,321.0,429.0,21.0,161.0,32.0,114.0,146.0,15.0,74.0,34.0,40.0,2007
MI-507,"Portage, Kalamazoo City & County CoC",614.0,476.0,117.0,593.0,21.0,288.0,255.0,12.0,267.0,21.0,326.0,221.0,105.0,326.0,0.0,105.0,70.0,35.0,105.0,0.0,42.0,37.0,5.0,2007
MI-508,"Lansing, East Lansing/Ingham County CoC",408.0,291.0,100.0,391.0,17.0,205.0,127.0,61.0,188.0,17.0,203.0,164.0,39.0,203.0,0.0,77.0,60.0,17.0,77.0,0.0,122.0,105.0,17.0,2007
MI-509,Washtenaw County CoC,413.0,239.0,118.0,357.0,56.0,285.0,168.0,61.0,229.0,56.0,128.0,71.0,57.0,128.0,0.0,39.0,21.0,18.0,39.0,0.0,85.0,48.0,37.0,2007
MI-510,Saginaw City & County CoC,361.0,117.0,157.0,274.0,87.0,237.0,85.0,93.0,178.0,59.0,124.0,32.0,64.0,96.0,28.0,43.0,14.0,20.0,34.0,9.0,57.0,56.0,1.0,2007
MI-511,Lenawee County CoC,93.0,74.0,11.0,85.0,8.0,45.0,42.0,1.0,43.0,2.0,48.0,32.0,10.0,42.0,6.0,16.0,10.0,4.0,14.0,2.0,20.0,19.0,1.0,2007
MI-512,"Grand Traverse, Antrim, Leelanau Counties CoC",241.0,98.0,118.0,216.0,25.0,165.0,80.0,60.0,140.0,25.0,76.0,18.0,58.0,76.0,0.0,26.0,6.0,20.0,26.0,0.0,55.0,36.0,19.0,2007
MI-514,Battle Creek/Calhoun County CoC,205.0,58.0,59.0,117.0,88.0,140.0,18.0,42.0,60.0,80.0,65.0,40.0,17.0,57.0,8.0,21.0,14.0,3.0,17.0,4.0,41.0,36.0,5.0,2007
MI-515,Monroe City & County CoC,142.0,84.0,47.0,131.0,11.0,109.0,51.0,47.0,98.0,11.0,33.0,33.0,0.0,33.0,0.0,12.0,12.0,0.0,12.0,0.0,16.0,6.0,10.0,2007
MI-516,"Norton Shores, Muskegon City & County CoC",332.0,84.0,63.0,147.0,185.0,152.0,56.0,44.0,100.0,52.0,180.0,28.0,19.0,47.0,133.0,82.0,13.0,7.0,20.0,62.0,75.0,21.0,54.0,2007
MI-517,Jackson City & County CoC,463.0,83.0,199.0,282.0,181.0,186.0,56.0,19.0,75.0,111.0,277.0,27.0,180.0,207.0,70.0,123.0,12.0,90.0,102.0,21.0,23.0,0.0,23.0,2007
MI-518,Livingston County CoC,63.0,23.0,35.0,58.0,5.0,25.0,15.0,5.0,20.0,5.0,38.0,8.0,30.0,38.0,0.0,13.0,3.0,10.0,13.0,0.0,4.0,3.0,1.0,2007
MI-519,Holland/Ottawa County CoC,319.0,142.0,164.0,306.0,13.0,109.0,75.0,31.0,106.0,3.0,210.0,67.0,133.0,200.0,10.0,66.0,17.0,45.0,62.0,4.0,3.0,0.0,3.0,2007
MI-523,Eaton County CoC,197.0,46.0,59.0,105.0,92.0,37.0,1.0,1.0,2.0,35.0,160.0,45.0,58.0,103.0,57.0,43.0,13.0,13.0,26.0,17.0,3.0,2.0,1.0,2007
MN-500,Minneapolis/Hennepin County CoC,2984.0,1601.0,827.0,2428.0,556.0,1511.0,649.0,342.0,991.0,520.0,1473.0,952.0,485.0,1437.0,36.0,479.0,263.0,204.0,467.0,12.0,763.0,567.0,196.0,2007
MN-501,Saint Paul/Ramsey County CoC,1294.0,496.0,674.0,1170.0,124.0,618.0,315.0,188.0,503.0,115.0,676.0,181.0,486.0,667.0,9.0,216.0,66.0,147.0,213.0,3.0,240.0,189.0,51.0,2007
MN-502,Rochester/Southeast Minnesota CoC,446.0,154.0,259.0,413.0,33.0,143.0,87.0,40.0,127.0,16.0,303.0,67.0,219.0,286.0,17.0,1191.0,23.0,1161.0,1184.0,7.0,32.0,26.0,6.0,2007
MN-503,"Dakota, Anoka, Washington, Scott, Carver Counties",800.0,130.0,534.0,664.0,136.0,141.0,24.0,71.0,95.0,46.0,659.0,106.0,463.0,569.0,90.0,210.0,35.0,151.0,186.0,24.0,39.0,19.0,20.0,2007
MN-504,Northeast Minnesota CoC,232.0,42.0,74.0,116.0,116.0,76.0,10.0,6.0,16.0,60.0,156.0,32.0,68.0,100.0,56.0,49.0,11.0,20.0,31.0,18.0,27.0,7.0,20.0,2007
MN-505,St. Cloud/Central Minnesota CoC,389.0,201.0,112.0,313.0,76.0,187.0,104.0,40.0,144.0,43.0,202.0,97.0,72.0,169.0,33.0,71.0,34.0,26.0,60.0,11.0,69.0,33.0,36.0,2007
MN-506,Northwest Minnesota CoC,266.0,72.0,163.0,235.0,31.0,114.0,34.0,57.0,91.0,23.0,152.0,38.0,106.0,144.0,8.0,55.0,11.0,41.0,52.0,3.0,45.0,34.0,11.0,2007
MN-508,Moorhead/West Central Minnesota CoC,242.0,87.0,78.0,165.0,77.0,144.0,50.0,25.0,75.0,69.0,98.0,37.0,53.0,90.0,8.0,35.0,10.0,21.0,31.0,4.0,82.0,49.0,33.0,2007
MN-509,Duluth/St.Louis County CoC,501.0,82.0,212.0,294.0,207.0,270.0,56.0,49.0,105.0,165.0,231.0,26.0,163.0,189.0,42.0,75.0,9.0,54.0,63.0,12.0,105.0,35.0,70.0,2007
MN-511,Southwest Minnesota CoC,169.0,34.0,46.0,80.0,89.0,65.0,14.0,20.0,34.0,31.0,104.0,20.0,26.0,46.0,58.0,30.0,7.0,7.0,14.0,16.0,12.0,8.0,4.0,2007
MO-500,St. Louis County CoC,336.0,222.0,68.0,290.0,46.0,90.0,50.0,0.0,50.0,40.0,246.0,172.0,68.0,240.0,6.0,69.0,50.0,17.0,67.0,2.0,44.0,18.0,26.0,2007
MO-501,St.Louis City CoC,1386.0,627.0,546.0,1173.0,213.0,800.0,443.0,144.0,587.0,213.0,586.0,184.0,402.0,586.0,0.0,196.0,77.0,119.0,196.0,0.0,258.0,238.0,20.0,2007
MO-503,"St. Charles City & County, Lincoln, Warren Counties CoC",498.0,138.0,89.0,227.0,271.0,222.0,79.0,34.0,113.0,109.0,276.0,59.0,55.0,114.0,162.0,110.0,25.0,21.0,46.0,64.0,38.0,15.0,23.0,2007
MO-600,"Springfield/Greene, Christian, Webster Counties CoC",518.0,222.0,256.0,478.0,40.0,326.0,73.0,213.0,286.0,40.0,192.0,149.0,43.0,192.0,0.0,65.0,49.0,16.0,65.0,0.0,94.0,76.0,18.0,2007
MO-602,"Joplin/Jasper, Newton Counties CoC",306.0,65.0,233.0,298.0,8.0,219.0,58.0,153.0,211.0,8.0,87.0,7.0,80.0,87.0,0.0,30.0,3.0,27.0,30.0,0.0,21.0,13.0,8.0,2007
MO-603,"St. Joseph/Andrew, Buchanan, DeKalb Counties CoC",100.0,100.0,0.0,100.0,0.0,65.0,65.0,0.0,65.0,0.0,35.0,35.0,0.0,35.0,0.0,10.0,10.0,0.0,10.0,0.0,49.0,49.0,0.0,2007
MO-604a,"Kansas City, Independence, Leeâ€™s Summit/Jackson, Wyandotte Counties, MO & KS",1786.0,877.0,698.0,1575.0,211.0,947.0,525.0,239.0,764.0,183.0,839.0,352.0,459.0,811.0,28.0,246.0,103.0,136.0,239.0,7.0,495.0,382.0,113.0,2007
MO-606,Missouri Balance of State CoC,1504.0,779.0,347.0,1126.0,378.0,794.0,391.0,169.0,560.0,234.0,710.0,388.0,178.0,566.0,144.0,262.0,134.0,62.0,196.0,66.0,245.0,136.0,109.0,2007
MS-500,"Jackson/Rankin, Madison Counties CoC",718.0,132.0,308.0,440.0,278.0,626.0,104.0,244.0,348.0,278.0,92.0,28.0,64.0,92.0,0.0,27.0,9.0,18.0,27.0,0.0,372.0,94.0,278.0,2007
MS-501,Mississippi Balance of State CoC,385.0,131.0,213.0,344.0,41.0,233.0,84.0,108.0,192.0,41.0,152.0,47.0,105.0,152.0,0.0,42.0,11.0,31.0,42.0,0.0,99.0,70.0,29.0,2007
MS-503,Gulf Port/Gulf Coast Regional CoC,274.0,40.0,27.0,67.0,207.0,256.0,29.0,24.0,53.0,203.0,18.0,11.0,3.0,14.0,4.0,7.0,4.0,1.0,5.0,2.0,122.0,5.0,117.0,2007
MT-500,Montana Statewide CoC,1150.0,502.0,353.0,855.0,295.0,633.0,270.0,128.0,398.0,235.0,517.0,232.0,225.0,457.0,60.0,166.0,75.0,75.0,150.0,16.0,83.0,35.0,48.0,2007
NC-500,Winston-Salem/Forsyth County CoC,503.0,354.0,125.0,479.0,24.0,366.0,298.0,44.0,342.0,24.0,137.0,56.0,81.0,137.0,0.0,47.0,17.0,30.0,47.0,0.0,122.0,98.0,24.0,2007
NC-501,Asheville/Buncombe County CoC,635.0,167.0,281.0,448.0,187.0,542.0,128.0,227.0,355.0,187.0,93.0,39.0,54.0,93.0,0.0,34.0,14.0,20.0,34.0,0.0,105.0,22.0,83.0,2007
NC-502,Durham City & County CoC,539.0,328.0,174.0,502.0,37.0,436.0,262.0,137.0,399.0,37.0,103.0,66.0,37.0,103.0,0.0,31.0,19.0,12.0,31.0,0.0,95.0,58.0,37.0,2007
NC-503,North Carolina Balance of State CoC,2610.0,1100.0,452.0,1552.0,1058.0,1436.0,624.0,214.0,838.0,598.0,1174.0,476.0,238.0,714.0,460.0,346.0,153.0,68.0,221.0,125.0,277.0,171.0,106.0,2007
NC-504,"Greensboro, High Point CoC",1182.0,502.0,478.0,980.0,202.0,878.0,355.0,337.0,692.0,186.0,304.0,147.0,141.0,288.0,16.0,101.0,50.0,46.0,96.0,5.0,212.0,142.0,70.0,2007
NC-505,Charlotte/Mecklenberg CoC,1976.0,849.0,799.0,1648.0,328.0,1564.0,648.0,591.0,1239.0,325.0,412.0,201.0,208.0,409.0,3.0,142.0,69.0,72.0,141.0,1.0,222.0,137.0,85.0,2007
NC-506,"Wilmington/Brunswick, New Hanover, Pender Counties CoC",628.0,305.0,114.0,419.0,209.0,459.0,271.0,69.0,340.0,119.0,169.0,34.0,45.0,79.0,90.0,70.0,11.0,17.0,28.0,42.0,206.0,87.0,119.0,2007
NC-507,Raleigh/Wake County CoC,1043.0,591.0,382.0,973.0,70.0,705.0,436.0,199.0,635.0,70.0,338.0,155.0,183.0,338.0,0.0,110.0,47.0,63.0,110.0,0.0,79.0,68.0,11.0,2007
NC-509,"Gastonia/Cleveland, Gaston, Lincoln Counties CoC",652.0,155.0,59.0,214.0,438.0,568.0,107.0,44.0,151.0,417.0,84.0,48.0,15.0,63.0,21.0,32.0,18.0,6.0,24.0,8.0,155.0,4.0,151.0,2007
NC-511,Fayetteville/Cumberland County CoC,757.0,174.0,139.0,313.0,444.0,445.0,149.0,19.0,168.0,277.0,312.0,25.0,120.0,145.0,167.0,103.0,10.0,34.0,44.0,59.0,49.0,19.0,30.0,2007
NC-513,Chapel Hill/Orange County CoC,208.0,119.0,64.0,183.0,25.0,148.0,109.0,18.0,127.0,21.0,60.0,10.0,46.0,56.0,4.0,23.0,4.0,18.0,22.0,1.0,46.0,36.0,10.0,2007
NC-516,Northwest North Carolina CoC,1069.0,101.0,67.0,168.0,901.0,844.0,50.0,57.0,107.0,737.0,225.0,51.0,10.0,61.0,164.0,160.0,21.0,3.0,24.0,136.0,77.0,4.0,73.0,2007
ND-500,North Dakota Statewide CoC,636.0,405.0,172.0,577.0,59.0,403.0,252.0,127.0,379.0,24.0,233.0,153.0,45.0,198.0,35.0,70.0,45.0,16.0,61.0,9.0,80.0,71.0,9.0,2007
NE-500,Nebraska Balance of State CoC,695.0,316.0,221.0,537.0,158.0,298.0,156.0,73.0,229.0,69.0,397.0,160.0,148.0,308.0,89.0,142.0,50.0,68.0,118.0,24.0,45.0,21.0,24.0,2007
NE-501,"Omaha, Council Bluffs CoC",1870.0,1214.0,418.0,1632.0,238.0,1338.0,859.0,241.0,1100.0,238.0,532.0,355.0,177.0,532.0,0.0,210.0,130.0,80.0,210.0,0.0,615.0,429.0,186.0,2007
NE-502,Lincoln CoC,966.0,268.0,570.0,838.0,128.0,536.0,150.0,258.0,408.0,128.0,430.0,118.0,312.0,430.0,0.0,163.0,65.0,98.0,163.0,0.0,125.0,36.0,89.0,2007
NH-500,New Hampshire Balance of State CoC,1300.0,426.0,343.0,769.0,531.0,665.0,268.0,129.0,397.0,268.0,635.0,158.0,214.0,372.0,263.0,248.0,72.0,77.0,149.0,99.0,137.0,116.0,21.0,2007
NH-501,Manchester CoC,504.0,174.0,133.0,307.0,197.0,345.0,148.0,24.0,172.0,173.0,159.0,26.0,109.0,135.0,24.0,62.0,10.0,37.0,47.0,15.0,135.0,112.0,23.0,2007
NH-502,Nashua/Hillsborough County CoC,444.0,125.0,72.0,197.0,247.0,245.0,56.0,26.0,82.0,163.0,199.0,69.0,46.0,115.0,84.0,70.0,22.0,18.0,40.0,30.0,95.0,35.0,60.0,2007
NJ-500,Atlantic City & County CoC,514.0,406.0,19.0,425.0,89.0,358.0,257.0,15.0,272.0,86.0,156.0,149.0,4.0,153.0,3.0,52.0,50.0,1.0,51.0,1.0,138.0,84.0,54.0,2007
NJ-501,Bergen County CoC,1392.0,299.0,911.0,1210.0,182.0,623.0,138.0,369.0,507.0,116.0,769.0,161.0,542.0,703.0,66.0,313.0,63.0,225.0,288.0,25.0,65.0,23.0,42.0,2007
NJ-502,Burlington County CoC,896.0,613.0,167.0,780.0,116.0,610.0,393.0,115.0,508.0,102.0,286.0,220.0,52.0,272.0,14.0,152.0,112.0,33.0,145.0,7.0,218.0,187.0,31.0,2007
NJ-503,"Camden City & County/Gloucester, Cape May, Cumberland Counties CoC",1433.0,896.0,228.0,1124.0,309.0,1005.0,577.0,162.0,739.0,266.0,428.0,319.0,66.0,385.0,43.0,194.0,148.0,32.0,180.0,14.0,214.0,105.0,109.0,2007
NJ-504,Newark/Essex County CoC,2326.0,1269.0,637.0,1906.0,420.0,1409.0,872.0,208.0,1080.0,329.0,917.0,397.0,429.0,826.0,91.0,369.0,174.0,159.0,333.0,36.0,379.0,182.0,197.0,2007
NJ-506,"Jersey City, Bayonne/Hudson County CoC",2842.0,2238.0,440.0,2678.0,164.0,891.0,613.0,114.0,727.0,164.0,1951.0,1625.0,326.0,1951.0,0.0,730.0,614.0,116.0,730.0,0.0,414.0,293.0,121.0,2007
NJ-507,New Brunswick/Middlesex County CoC,996.0,476.0,252.0,728.0,268.0,722.0,323.0,155.0,478.0,244.0,274.0,153.0,97.0,250.0,24.0,98.0,51.0,42.0,93.0,5.0,245.0,164.0,81.0,2007
NJ-508,Monmouth County CoC,830.0,525.0,232.0,757.0,73.0,442.0,332.0,49.0,381.0,61.0,388.0,193.0,183.0,376.0,12.0,175.0,98.0,72.0,170.0,5.0,90.0,40.0,50.0,2007
NJ-509,Morris County CoC,292.0,125.0,104.0,229.0,63.0,152.0,40.0,49.0,89.0,63.0,140.0,85.0,55.0,140.0,0.0,56.0,34.0,22.0,56.0,0.0,91.0,28.0,63.0,2007
NJ-510,Lakewood Township/Ocean County CoC,424.0,334.0,47.0,381.0,43.0,257.0,197.0,17.0,214.0,43.0,167.0,137.0,30.0,167.0,0.0,75.0,61.0,14.0,75.0,0.0,44.0,21.0,23.0,2007
NJ-511,Paterson/Passaic County CoC,1062.0,677.0,154.0,831.0,231.0,378.0,258.0,17.0,275.0,103.0,684.0,419.0,137.0,556.0,128.0,187.0,104.0,49.0,153.0,34.0,194.0,152.0,42.0,2007
NJ-512,Salem County CoC,465.0,298.0,156.0,454.0,11.0,251.0,141.0,99.0,240.0,11.0,214.0,157.0,57.0,214.0,0.0,84.0,56.0,28.0,84.0,0.0,15.0,6.0,9.0,2007
NJ-513,Somerset County CoC,366.0,181.0,162.0,343.0,23.0,219.0,93.0,103.0,196.0,23.0,147.0,88.0,59.0,147.0,0.0,57.0,36.0,21.0,57.0,0.0,24.0,13.0,11.0,2007
NJ-514,Trenton/Mercer County CoC,1598.0,949.0,293.0,1242.0,356.0,840.0,535.0,94.0,629.0,211.0,758.0,414.0,199.0,613.0,145.0,271.0,145.0,78.0,223.0,48.0,194.0,124.0,70.0,2007
NJ-515,Elizabeth/Union County CoC,1188.0,347.0,725.0,1072.0,116.0,423.0,190.0,129.0,319.0,104.0,765.0,157.0,596.0,753.0,12.0,272.0,41.0,229.0,270.0,2.0,79.0,46.0,33.0,2007
NJ-516,"Warren, Sussex, Hunterdon Counties CoC",690.0,462.0,214.0,676.0,14.0,392.0,274.0,106.0,380.0,12.0,298.0,188.0,108.0,296.0,2.0,116.0,74.0,41.0,115.0,1.0,121.0,114.0,7.0,2007
NM-500,Albuquerque CoC,1276.0,473.0,516.0,989.0,287.0,821.0,402.0,204.0,606.0,215.0,455.0,71.0,312.0,383.0,72.0,147.0,24.0,100.0,124.0,23.0,159.0,78.0,81.0,2007
NM-501,New Mexico Balance of State CoC,1739.0,485.0,274.0,759.0,980.0,1040.0,341.0,116.0,457.0,583.0,699.0,144.0,158.0,302.0,397.0,220.0,48.0,54.0,102.0,118.0,552.0,167.0,385.0,2007
NV-500,Las Vegas/Clark County CoC,7533.0,976.0,2868.0,3844.0,3689.0,5624.0,900.0,2002.0,2902.0,2722.0,1909.0,76.0,866.0,942.0,967.0,606.0,30.0,255.0,285.0,321.0,808.0,174.0,634.0,2007
NV-501,"Reno, Sparks/Washoe County CoC",863.0,420.0,345.0,765.0,98.0,742.0,379.0,268.0,647.0,95.0,121.0,41.0,77.0,118.0,3.0,40.0,16.0,23.0,39.0,1.0,33.0,0.0,33.0,2007
NV-502,Nevada Balance of State CoC,246.0,132.0,77.0,209.0,37.0,111.0,74.0,16.0,90.0,21.0,135.0,58.0,61.0,119.0,16.0,54.0,22.0,27.0,49.0,5.0,30.0,17.0,13.0,2007
NY-500,"Rochester, Irondequoit, Greece/Monroe County CoC",612.0,391.0,211.0,602.0,10.0,337.0,241.0,86.0,327.0,10.0,275.0,150.0,125.0,275.0,0.0,87.0,47.0,40.0,87.0,0.0,81.0,71.0,10.0,2007
NY-501,"Elmira/Steuben, Allegany, Livingston, Chemung, Schuyler Counties CoC",175.0,41.0,133.0,174.0,1.0,139.0,24.0,114.0,138.0,1.0,36.0,17.0,19.0,36.0,0.0,11.0,5.0,6.0,11.0,0.0,5.0,4.0,1.0,2007
NY-503,Albany City & County CoC,619.0,420.0,119.0,539.0,80.0,396.0,235.0,96.0,331.0,65.0,223.0,185.0,23.0,208.0,15.0,68.0,53.0,11.0,64.0,4.0,68.0,24.0,44.0,2007
NY-504,Cattaragus County CoC,142.0,38.0,66.0,104.0,38.0,95.0,31.0,36.0,67.0,28.0,47.0,7.0,30.0,37.0,10.0,13.0,3.0,8.0,11.0,2.0,0.0,0.0,0.0,2007
NY-505,"Syracuse, Auburn/Onondaga, Oswego, Cayuga Counties CoC",795.0,309.0,453.0,762.0,33.0,634.0,253.0,364.0,617.0,17.0,161.0,56.0,89.0,145.0,16.0,61.0,21.0,35.0,56.0,5.0,74.0,66.0,8.0,2007
NY-507,Schenectady City & County CoC,288.0,172.0,37.0,209.0,79.0,156.0,76.0,16.0,92.0,64.0,132.0,96.0,21.0,117.0,15.0,51.0,39.0,7.0,46.0,5.0,35.0,29.0,6.0,2007
NY-508,"Buffalo, Niagara Falls/Erie, Niagara, Orleans, Genesee, Wyoming Counties CoC",1377.0,616.0,587.0,1203.0,174.0,929.0,456.0,299.0,755.0,174.0,448.0,160.0,288.0,448.0,0.0,131.0,41.0,90.0,131.0,0.0,207.0,83.0,124.0,2007
NY-510,Ithaca/Tompkins County CoC,78.0,38.0,24.0,62.0,16.0,46.0,30.0,0.0,30.0,16.0,32.0,8.0,24.0,32.0,0.0,10.0,2.0,8.0,10.0,0.0,8.0,6.0,2.0,2007
NY-511,"Binghamton, Union Town/Broome, Otsego, Chenango, Delaware, Cortland, Tioga Count",243.0,64.0,139.0,203.0,40.0,212.0,60.0,117.0,177.0,35.0,31.0,4.0,22.0,26.0,5.0,11.0,2.0,7.0,9.0,2.0,69.0,46.0,23.0,2007
NY-512,Troy/Rensselaer County CoC,212.0,127.0,39.0,166.0,46.0,79.0,24.0,17.0,41.0,38.0,133.0,103.0,22.0,125.0,8.0,50.0,36.0,11.0,47.0,3.0,31.0,15.0,16.0,2007
NY-513,"Wayne, Ontario, Seneca, Yates Counties CoC",98.0,98.0,0.0,98.0,0.0,47.0,47.0,0.0,47.0,0.0,51.0,51.0,0.0,51.0,0.0,16.0,16.0,0.0,16.0,0.0,3.0,3.0,0.0,2007
NY-514,"Jamestown, Dunkirk/Chautauqua County CoC",75.0,16.0,51.0,67.0,8.0,26.0,7.0,11.0,18.0,8.0,49.0,9.0,40.0,49.0,0.0,23.0,3.0,20.0,23.0,0.0,0.0,0.0,0.0,2007
NY-516,Clinton County CoC,53.0,42.0,6.0,48.0,5.0,50.0,42.0,3.0,45.0,5.0,3.0,0.0,3.0,3.0,0.0,1.0,0.0,1.0,1.0,0.0,8.0,7.0,1.0,2007
NY-518,"Utica, Rome/Oneida, Madison Counties CoC",334.0,185.0,133.0,318.0,16.0,193.0,129.0,48.0,177.0,16.0,141.0,56.0,85.0,141.0,0.0,44.0,22.0,22.0,44.0,0.0,21.0,10.0,11.0,2007
NY-519,"Columbia, Greene Counties CoC",325.0,262.0,49.0,311.0,14.0,140.0,84.0,44.0,128.0,12.0,185.0,178.0,5.0,183.0,2.0,70.0,67.0,2.0,69.0,1.0,12.0,8.0,4.0,2007
NY-520,"Franklin, Essex Counties CoC",28.0,27.0,0.0,27.0,1.0,20.0,19.0,0.0,19.0,1.0,8.0,8.0,0.0,8.0,0.0,4.0,4.0,0.0,4.0,0.0,3.0,3.0,0.0,2007
NY-523,"Glens Falls, Saratoga Springs/Saratoga, Washington, Warren, Hamilton Counties Co",255.0,106.0,40.0,146.0,109.0,182.0,54.0,32.0,86.0,96.0,73.0,52.0,8.0,60.0,13.0,24.0,17.0,3.0,20.0,4.0,40.0,10.0,30.0,2007
NY-600,New York City CoC,50372.0,38642.0,7975.0,46617.0,3755.0,21357.0,12660.0,4942.0,17602.0,3755.0,29015.0,25982.0,3033.0,29015.0,0.0,9430.0,8461.0,969.0,9430.0,0.0,5233.0,1853.0,3380.0,2007
NY-601,Poughkeepsie/Dutchess County CoC,547.0,219.0,244.0,463.0,84.0,288.0,114.0,119.0,233.0,55.0,259.0,105.0,125.0,230.0,29.0,93.0,34.0,49.0,83.0,10.0,134.0,88.0,46.0,2007
NY-602,"Newburgh, Middletown/Orange County CoC",414.0,182.0,45.0,227.0,187.0,301.0,118.0,0.0,118.0,183.0,113.0,64.0,45.0,109.0,4.0,31.0,14.0,16.0,30.0,1.0,137.0,0.0,137.0,2007
NY-603,"Nassau, Suffolk Counties CoC",2509.0,1851.0,500.0,2351.0,158.0,789.0,377.0,254.0,631.0,158.0,1720.0,1474.0,246.0,1720.0,0.0,534.0,467.0,67.0,534.0,0.0,52.0,37.0,15.0,2007
NY-604,"Yonkers, Mount Vernon/Westchester County CoC",1829.0,514.0,1179.0,1693.0,136.0,690.0,396.0,158.0,554.0,136.0,1139.0,118.0,1021.0,1139.0,0.0,365.0,38.0,327.0,365.0,0.0,140.0,43.0,97.0,2007
NY-606,Rockland County CoC,488.0,37.0,398.0,435.0,53.0,446.0,13.0,380.0,393.0,53.0,42.0,24.0,18.0,42.0,0.0,19.0,12.0,7.0,19.0,0.0,34.0,0.0,34.0,2007
NY-607,Sullivan County CoC,343.0,178.0,89.0,267.0,76.0,226.0,70.0,89.0,159.0,67.0,117.0,108.0,0.0,108.0,9.0,57.0,54.0,0.0,54.0,3.0,32.0,0.0,32.0,2007
NY-608,Kingston/Ulster County CoC,359.0,111.0,47.0,158.0,201.0,247.0,52.0,39.0,91.0,156.0,112.0,59.0,8.0,67.0,45.0,41.0,26.0,2.0,28.0,13.0,49.0,7.0,42.0,2007
NY-609,Putnam County CoC,31.0,0.0,31.0,31.0,0.0,31.0,0.0,31.0,31.0,0.0,0.0,0.0,0.0,0.0,0.0,0.0,0.0,0.0,0.0,0.0,0.0,0.0,0.0,2007
OH-500,Cincinnati/Hamilton County CoC,1046.0,644.0,343.0,987.0,59.0,720.0,452.0,209.0,661.0,59.0,326.0,192.0,134.0,326.0,0.0,95.0,55.0,40.0,95.0,0.0,226.0,204.0,22.0,2007
OH-501,Toledo/Lucas County CoC,745.0,317.0,314.0,631.0,114.0,424.0,199.0,120.0,319.0,105.0,321.0,118.0,194.0,312.0,9.0,133.0,54.0,75.0,129.0,4.0,200.0,95.0,105.0,2007
OH-502,Cleveland/Cuyahoga County CoC,2185.0,1271.0,730.0,2001.0,184.0,1686.0,1007.0,510.0,1517.0,169.0,499.0,264.0,220.0,484.0,15.0,166.0,81.0,80.0,161.0,5.0,652.0,540.0,112.0,2007
OH-503,Columbus/Franklin County CoC,1373.0,1130.0,129.0,1259.0,114.0,941.0,727.0,100.0,827.0,114.0,432.0,403.0,29.0,432.0,0.0,135.0,126.0,9.0,135.0,0.0,503.0,400.0,103.0,2007
OH-504,Youngstown/Mahoning County CoC,249.0,96.0,136.0,232.0,17.0,121.0,67.0,37.0,104.0,17.0,128.0,29.0,99.0,128.0,0.0,44.0,10.0,34.0,44.0,0.0,28.0,23.0,5.0,2007
OH-505,"Dayton, Kettering/Montgomery County CoC",785.0,539.0,180.0,719.0,66.0,504.0,336.0,102.0,438.0,66.0,281.0,203.0,78.0,281.0,0.0,101.0,69.0,32.0,101.0,0.0,120.0,78.0,42.0,2007
OH-506,"Akron, Barberton/Summit County CoC",824.0,284.0,348.0,632.0,192.0,575.0,227.0,187.0,414.0,161.0,249.0,57.0,161.0,218.0,31.0,80.0,21.0,52.0,73.0,7.0,215.0,71.0,144.0,2007
OH-507,Ohio Balance of State CoC,3521.0,1180.0,1318.0,2498.0,1023.0,1616.0,688.0,436.0,1124.0,492.0,1905.0,492.0,882.0,1374.0,531.0,788.0,269.0,311.0,580.0,208.0,315.0,166.0,149.0,2007
OH-508,"Canton, Massillon, Alliance/Stark County CoC",536.0,234.0,187.0,421.0,115.0,283.0,155.0,33.0,188.0,95.0,253.0,79.0,154.0,233.0,20.0,80.0,23.0,51.0,74.0,6.0,49.0,24.0,25.0,2007
OK-500,North Central Oklahoma CoC,212.0,143.0,30.0,173.0,39.0,142.0,90.0,22.0,112.0,30.0,70.0,53.0,8.0,61.0,9.0,22.0,16.0,4.0,20.0,2.0,18.0,6.0,12.0,2007
OK-501,Tulsa City & County CoC,666.0,429.0,165.0,594.0,72.0,478.0,328.0,95.0,423.0,55.0,188.0,101.0,70.0,171.0,17.0,57.0,30.0,22.0,52.0,5.0,97.0,75.0,22.0,2007
OK-502,Oklahoma City CoC,1734.0,858.0,420.0,1278.0,456.0,1421.0,699.0,294.0,993.0,428.0,313.0,159.0,126.0,285.0,28.0,118.0,56.0,51.0,107.0,11.0,533.0,233.0,300.0,2007
OK-503,Oklahoma Balance of State CoC,231.0,73.0,76.0,149.0,82.0,154.0,52.0,32.0,84.0,70.0,77.0,21.0,44.0,65.0,12.0,27.0,9.0,15.0,24.0,3.0,0.0,0.0,0.0,2007
OK-504,Norman/Cleveland County CoC,594.0,168.0,154.0,322.0,272.0,329.0,153.0,73.0,226.0,103.0,265.0,15.0,81.0,96.0,169.0,86.0,4.0,17.0,21.0,65.0,70.0,24.0,46.0,2007
OK-505,Northeast Oklahoma CoC,305.0,131.0,19.0,150.0,155.0,162.0,90.0,19.0,109.0,53.0,143.0,41.0,0.0,41.0,102.0,44.0,14.0,0.0,14.0,30.0,38.0,36.0,2.0,2007
OK-506,Southwest Oklahoma Regional CoC,250.0,176.0,50.0,226.0,24.0,185.0,146.0,15.0,161.0,24.0,65.0,30.0,35.0,65.0,0.0,22.0,12.0,10.0,22.0,0.0,11.0,11.0,0.0,2007
OK-507,Southeastern Oklahoma Regional CoC,229.0,176.0,21.0,197.0,32.0,111.0,76.0,17.0,93.0,18.0,118.0,100.0,4.0,104.0,14.0,57.0,50.0,0.0,50.0,7.0,12.0,10.0,2.0,2007
OR-500,"Eugene, Springfield/Lane County CoC",2332.0,952.0,608.0,1560.0,772.0,1295.0,681.0,135.0,816.0,479.0,1037.0,271.0,473.0,744.0,293.0,312.0,97.0,149.0,246.0,66.0,707.0,523.0,184.0,2007
OR-501,"Portland, Gresham/Multnomah County CoC",3918.0,674.0,1610.0,2284.0,1634.0,3005.0,576.0,866.0,1442.0,1563.0,913.0,98.0,744.0,842.0,71.0,317.0,35.0,252.0,287.0,30.0,596.0,210.0,386.0,2007
OR-502,"Medford, Ashland/Jackson County CoC",624.0,273.0,78.0,351.0,273.0,389.0,105.0,59.0,164.0,225.0,235.0,168.0,19.0,187.0,48.0,72.0,49.0,8.0,57.0,15.0,51.0,0.0,51.0,2007
OR-503,Central Oregon CoC,2029.0,168.0,147.0,315.0,1714.0,727.0,109.0,27.0,136.0,591.0,1302.0,59.0,120.0,179.0,1123.0,401.0,22.0,41.0,63.0,338.0,324.0,27.0,297.0,2007
OR-504,"Salem/Marion, Polk Counties CoC",1997.0,293.0,288.0,581.0,1416.0,1165.0,225.0,121.0,346.0,819.0,832.0,68.0,167.0,235.0,597.0,292.0,18.0,57.0,75.0,217.0,143.0,0.0,143.0,2007
OR-505,Oregon Balance of State CoC,4434.0,921.0,1883.0,2804.0,1630.0,1737.0,583.0,504.0,1087.0,650.0,2697.0,338.0,1379.0,1717.0,980.0,831.0,109.0,442.0,551.0,280.0,568.0,320.0,248.0,2007
OR-506,"Hillsboro, Beaverton/Washington County CoC",680.0,80.0,188.0,268.0,412.0,395.0,4.0,84.0,88.0,307.0,285.0,76.0,104.0,180.0,105.0,114.0,21.0,62.0,83.0,31.0,248.0,3.0,245.0,2007
OR-507,Clackamas County CoC,1576.0,101.0,65.0,166.0,1410.0,1158.0,26.0,15.0,41.0,1117.0,418.0,75.0,50.0,125.0,293.0,124.0,24.0,20.0,44.0,80.0,192.0,4.0,188.0,2007
PA-500,Philadelphia CoC,7640.0,3266.0,3927.0,7193.0,447.0,3869.0,1696.0,1726.0,3422.0,447.0,3771.0,1570.0,2201.0,3771.0,0.0,1220.0,476.0,744.0,1220.0,0.0,654.0,252.0,402.0,2007
PA-501,Harrisburg/Dauphin County CoC,412.0,221.0,137.0,358.0,54.0,264.0,162.0,54.0,216.0,48.0,148.0,59.0,83.0,142.0,6.0,50.0,19.0,29.0,48.0,2.0,118.0,85.0,33.0,2007
PA-502,"Upper Darby, Chester, Haverford/Delaware County CoC",696.0,295.0,364.0,659.0,37.0,217.0,144.0,36.0,180.0,37.0,479.0,151.0,328.0,479.0,0.0,143.0,47.0,96.0,143.0,0.0,76.0,62.0,14.0,2007
PA-503,"Wilkes-Barre, Hazleton/Luzerne County CoC",188.0,97.0,68.0,165.0,23.0,118.0,73.0,22.0,95.0,23.0,70.0,24.0,46.0,70.0,0.0,28.0,9.0,19.0,28.0,0.0,16.0,2.0,14.0,2007
PA-504,"Lower Merion, Norristown, Abington/Montgomery County CoC",526.0,212.0,195.0,407.0,119.0,208.0,113.0,51.0,164.0,44.0,318.0,99.0,144.0,243.0,75.0,96.0,25.0,53.0,78.0,18.0,52.0,42.0,10.0,2007
PA-505,Chester County CoC,387.0,121.0,179.0,300.0,87.0,178.0,76.0,23.0,99.0,79.0,209.0,45.0,156.0,201.0,8.0,75.0,16.0,57.0,73.0,2.0,48.0,48.0,0.0,2007
PA-506,Reading/Berks County CoC,739.0,436.0,245.0,681.0,58.0,297.0,164.0,75.0,239.0,58.0,442.0,272.0,170.0,442.0,0.0,152.0,93.0,59.0,152.0,0.0,79.0,51.0,28.0,2007
PA-508,Scranton/Lackawanna County CoC,222.0,65.0,137.0,202.0,20.0,91.0,42.0,37.0,79.0,12.0,131.0,23.0,100.0,123.0,8.0,47.0,9.0,36.0,45.0,2.0,31.0,25.0,6.0,2007
PA-509,Eastern Pennsylvania CoC,1662.0,643.0,906.0,1549.0,113.0,749.0,344.0,312.0,656.0,93.0,913.0,299.0,594.0,893.0,20.0,303.0,101.0,196.0,297.0,6.0,151.0,102.0,49.0,2007
PA-510,Lancaster City & County CoC,589.0,103.0,446.0,549.0,40.0,325.0,72.0,217.0,289.0,36.0,264.0,31.0,229.0,260.0,4.0,98.0,12.0,85.0,97.0,1.0,42.0,32.0,10.0,2007
PA-511,"Bristol, Bensalem/Bucks County CoC",262.0,122.0,132.0,254.0,8.0,143.0,55.0,80.0,135.0,8.0,119.0,67.0,52.0,119.0,0.0,39.0,21.0,18.0,39.0,0.0,8.0,8.0,0.0,2007
PA-600,"Pittsburgh, McKeesport, Penn Hills/Allegheny County CoC",1380.0,297.0,835.0,1132.0,248.0,901.0,223.0,432.0,655.0,246.0,479.0,74.0,403.0,477.0,2.0,177.0,27.0,149.0,176.0,1.0,143.0,86.0,57.0,2007
PA-601,Western Pennsylvania CoC,911.0,393.0,451.0,844.0,67.0,459.0,242.0,162.0,404.0,55.0,452.0,151.0,289.0,440.0,12.0,157.0,55.0,97.0,152.0,5.0,77.0,61.0,16.0,2007
PA-603,Beaver County CoC,213.0,12.0,119.0,131.0,82.0,189.0,9.0,101.0,110.0,79.0,24.0,3.0,18.0,21.0,3.0,8.0,1.0,6.0,7.0,1.0,33.0,1.0,32.0,2007
PA-605,Erie City & County CoC,393.0,162.0,155.0,317.0,76.0,221.0,110.0,79.0,189.0,32.0,172.0,52.0,76.0,128.0,44.0,58.0,12.0,30.0,42.0,16.0,61.0,57.0,4.0,2007
PR-502,Puerto Rico Balance of Commonwealth CoC,2004.0,248.0,318.0,566.0,1438.0,1909.0,214.0,281.0,495.0,1414.0,95.0,34.0,37.0,71.0,24.0,47.0,17.0,18.0,35.0,12.0,1475.0,126.0,1349.0,2007
PR-503,South-Southeast Puerto Rico CoC,2305.0,298.0,504.0,802.0,1503.0,2005.0,223.0,432.0,655.0,1350.0,300.0,75.0,72.0,147.0,153.0,69.0,22.0,23.0,45.0,24.0,1429.0,459.0,970.0,2007
RI-500,Rhode Island Statewide CoC,1372.0,688.0,635.0,1323.0,49.0,643.0,403.0,196.0,599.0,44.0,729.0,285.0,439.0,724.0,5.0,214.0,85.0,127.0,212.0,2.0,134.0,90.0,44.0,2007
SC-500,Charleston/Low Country CoC,539.0,290.0,192.0,482.0,57.0,432.0,239.0,142.0,381.0,51.0,107.0,51.0,50.0,101.0,6.0,40.0,19.0,18.0,37.0,3.0,46.0,39.0,7.0,2007
SC-501,"Greenville, Anderson, Spartanburg/Upstate CoC",1606.0,673.0,427.0,1100.0,506.0,1089.0,540.0,168.0,708.0,381.0,517.0,133.0,259.0,392.0,125.0,157.0,49.0,83.0,132.0,25.0,273.0,215.0,58.0,2007
SC-502,Columbia/Midlands CoC,1569.0,531.0,415.0,946.0,623.0,1278.0,403.0,317.0,720.0,558.0,291.0,128.0,98.0,226.0,65.0,97.0,44.0,34.0,78.0,19.0,185.0,105.0,80.0,2007
SC-503,"Myrtle Beach, Sumter City & County CoC",1946.0,186.0,372.0,558.0,1388.0,972.0,79.0,142.0,221.0,751.0,974.0,107.0,230.0,337.0,637.0,164.0,26.0,53.0,79.0,85.0,69.0,8.0,61.0,2007
SD-500,South Dakota Statewide CoC,579.0,269.0,269.0,538.0,41.0,268.0,138.0,97.0,235.0,33.0,311.0,131.0,172.0,303.0,8.0,108.0,46.0,58.0,104.0,4.0,104.0,79.0,25.0,2007
TN-500,Chattanooga/Southeast Tennessee CoC,1064.0,214.0,93.0,307.0,757.0,977.0,175.0,60.0,235.0,742.0,87.0,39.0,33.0,72.0,15.0,37.0,14.0,11.0,25.0,12.0,679.0,44.0,635.0,2007
TN-501,Memphis/Shelby County CoC,1814.0,633.0,1111.0,1744.0,70.0,1181.0,520.0,591.0,1111.0,70.0,633.0,113.0,520.0,633.0,0.0,198.0,35.0,163.0,198.0,0.0,87.0,52.0,35.0,2007
TN-502,Knoxville/Knox County CoC,956.0,430.0,400.0,830.0,126.0,794.0,386.0,290.0,676.0,118.0,162.0,44.0,110.0,154.0,8.0,55.0,15.0,37.0,52.0,3.0,162.0,125.0,37.0,2007
TN-503,Central Tennessee CoC,360.0,170.0,111.0,281.0,79.0,251.0,105.0,95.0,200.0,51.0,109.0,65.0,16.0,81.0,28.0,23.0,10.0,6.0,16.0,7.0,33.0,22.0,11.0,2007
TN-504,Nashville-Davidson County CoC,2156.0,1257.0,509.0,1766.0,390.0,1996.0,1195.0,419.0,1614.0,382.0,160.0,62.0,90.0,152.0,8.0,67.0,25.0,40.0,65.0,2.0,824.0,442.0,382.0,2007
TN-506,Upper Cumberland CoC,704.0,176.0,20.0,196.0,508.0,333.0,102.0,14.0,116.0,217.0,371.0,74.0,6.0,80.0,291.0,133.0,27.0,2.0,29.0,104.0,217.0,79.0,138.0,2007
TN-507,Jackson/West Tennessee CoC,2255.0,108.0,146.0,254.0,2001.0,1695.0,84.0,125.0,209.0,1486.0,560.0,24.0,21.0,45.0,515.0,227.0,12.0,9.0,21.0,206.0,310.0,20.0,290.0,2007
TN-509,Appalachian Regional CoC,559.0,306.0,39.0,345.0,214.0,478.0,249.0,23.0,272.0,206.0,81.0,57.0,16.0,73.0,8.0,26.0,18.0,5.0,23.0,3.0,88.0,46.0,42.0,2007
TN-510,Murfreesboro/Rutherford County CoC,438.0,124.0,166.0,290.0,148.0,375.0,78.0,166.0,244.0,131.0,63.0,46.0,0.0,46.0,17.0,16.0,14.0,0.0,14.0,2.0,112.0,38.0,74.0,2007
TN-512,"Morristown/Blount, Sevier, Campbell, Cocke Counties CoC",904.0,169.0,264.0,433.0,471.0,382.0,32.0,14.0,46.0,336.0,522.0,137.0,250.0,387.0,135.0,173.0,45.0,72.0,117.0,56.0,255.0,28.0,227.0,2007
TX-500,San Antonio/Bexar County CoC,2247.0,869.0,929.0,1798.0,449.0,1375.0,669.0,276.0,945.0,430.0,872.0,200.0,653.0,853.0,19.0,277.0,56.0,216.0,272.0,5.0,218.0,96.0,122.0,2007
TX-503,Austin/Travis County CoC,5281.0,891.0,504.0,1395.0,3886.0,3116.0,614.0,159.0,773.0,2343.0,2165.0,277.0,345.0,622.0,1543.0,616.0,83.0,92.0,175.0,441.0,443.0,92.0,351.0,2007
TX-600,"Dallas City & County, Irving CoC",3408.0,1875.0,1166.0,3041.0,367.0,2046.0,1254.0,429.0,1683.0,363.0,1362.0,621.0,737.0,1358.0,4.0,438.0,199.0,238.0,437.0,1.0,574.0,472.0,102.0,2007
TX-601,"Fort Worth, Arlington/Tarrant County CoC",2876.0,1049.0,1626.0,2675.0,201.0,1550.0,822.0,527.0,1349.0,201.0,1326.0,227.0,1099.0,1326.0,0.0,422.0,74.0,348.0,422.0,0.0,479.0,392.0,87.0,2007
TX-603,El Paso City & County CoC,1241.0,629.0,339.0,968.0,273.0,804.0,438.0,93.0,531.0,273.0,437.0,191.0,246.0,437.0,0.0,133.0,56.0,77.0,133.0,0.0,208.0,72.0,136.0,2007
TX-604,Waco/McLennan County CoC,431.0,108.0,151.0,259.0,172.0,321.0,90.0,86.0,176.0,145.0,110.0,18.0,65.0,83.0,27.0,38.0,7.0,25.0,32.0,6.0,70.0,32.0,38.0,2007
TX-607,Texas Balance of State CoC,12958.0,5572.0,1426.0,6998.0,5960.0,8406.0,3490.0,895.0,4385.0,4021.0,4552.0,2082.0,531.0,2613.0,1939.0,1131.0,449.0,152.0,601.0,530.0,1990.0,978.0,1012.0,2007
TX-611,Amarillo CoC,431.0,225.0,73.0,298.0,133.0,258.0,130.0,6.0,136.0,122.0,173.0,95.0,67.0,162.0,11.0,68.0,39.0,25.0,64.0,4.0,75.0,53.0,22.0,2007
TX-624,"Wichita Falls/Wise, Palo Pinto, Wichita, Archer Counties CoC",263.0,214.0,0.0,214.0,49.0,223.0,174.0,0.0,174.0,49.0,40.0,40.0,0.0,40.0,0.0,14.0,14.0,0.0,14.0,0.0,207.0,158.0,49.0,2007
TX-700,"Houston, Pasadena, Conroe/Harris, Ft. Bend, Montgomery, Counties CoC",10363.0,2288.0,2729.0,5017.0,5346.0,8054.0,1653.0,1207.0,2860.0,5194.0,2309.0,635.0,1522.0,2157.0,152.0,668.0,183.0,440.0,623.0,45.0,3627.0,906.0,2721.0,2007
TX-701,"Bryan, College Station/Brazos Valley CoC",289.0,120.0,99.0,219.0,70.0,153.0,86.0,21.0,107.0,46.0,136.0,34.0,78.0,112.0,24.0,34.0,11.0,17.0,28.0,6.0,40.0,39.0,1.0,2007
UT-500,Salt Lake City & County CoC,2079.0,1115.0,766.0,1881.0,198.0,1390.0,814.0,378.0,1192.0,198.0,689.0,301.0,388.0,689.0,0.0,261.0,60.0,201.0,261.0,0.0,545.0,347.0,198.0,2007
UT-503,Utah Balance of State CoC,716.0,354.0,276.0,630.0,86.0,470.0,226.0,158.0,384.0,86.0,246.0,128.0,118.0,246.0,0.0,81.0,42.0,39.0,81.0,0.0,217.0,131.0,86.0,2007
UT-504,Provo/Mountainland CoC,216.0,82.0,105.0,187.0,29.0,85.0,31.0,25.0,56.0,29.0,131.0,51.0,80.0,131.0,0.0,53.0,18.0,35.0,53.0,0.0,39.0,10.0,29.0,2007
VA-500,"Richmond/Henrico, Chesterfield, Hanover Counties CoC",1158.0,413.0,601.0,1014.0,144.0,917.0,323.0,452.0,775.0,142.0,241.0,90.0,149.0,239.0,2.0,102.0,43.0,58.0,101.0,1.0,185.0,43.0,142.0,2007
VA-501,"Norfolk, Chesapeake, Suffolk/Isle of Wight, Southampton Counties CoC",699.0,410.0,133.0,543.0,156.0,513.0,306.0,67.0,373.0,140.0,186.0,104.0,66.0,170.0,16.0,76.0,41.0,20.0,61.0,15.0,112.0,74.0,38.0,2007
VA-502,"Roanoke City & County, Salem CoC",566.0,334.0,194.0,528.0,38.0,485.0,290.0,157.0,447.0,38.0,81.0,44.0,37.0,81.0,0.0,31.0,17.0,14.0,31.0,0.0,168.0,130.0,38.0,2007
VA-503,Virginia Beach CoC,476.0,262.0,168.0,430.0,46.0,178.0,117.0,28.0,145.0,33.0,298.0,145.0,140.0,285.0,13.0,94.0,47.0,43.0,90.0,4.0,60.0,41.0,19.0,2007
VA-504,Charlottesville CoC,265.0,152.0,85.0,237.0,28.0,196.0,129.0,39.0,168.0,28.0,69.0,23.0,46.0,69.0,0.0,22.0,4.0,18.0,22.0,0.0,31.0,29.0,2.0,2007
VA-505,"Newport News, Hampton/Virginia Peninsula CoC",908.0,393.0,176.0,569.0,339.0,562.0,262.0,97.0,359.0,203.0,346.0,131.0,79.0,210.0,136.0,100.0,38.0,25.0,63.0,37.0,247.0,107.0,140.0,2007
VA-507,Portsmouth CoC,217.0,97.0,68.0,165.0,52.0,137.0,62.0,23.0,85.0,52.0,80.0,35.0,45.0,80.0,0.0,30.0,17.0,13.0,30.0,0.0,42.0,10.0,32.0,2007
VA-508,Lynchburg CoC,289.0,48.0,50.0,98.0,191.0,224.0,39.0,22.0,61.0,163.0,65.0,9.0,28.0,37.0,28.0,27.0,4.0,11.0,15.0,12.0,59.0,21.0,38.0,2007
VA-513,"Harrisburg, Winchester/Western Virginia CoC",382.0,228.0,98.0,326.0,56.0,195.0,140.0,12.0,152.0,43.0,187.0,88.0,86.0,174.0,13.0,61.0,30.0,23.0,53.0,8.0,36.0,21.0,15.0,2007
VA-514,"Fredericksburg/Spotsylvania, Stafford Counties CoC",561.0,489.0,26.0,515.0,46.0,88.0,44.0,0.0,44.0,44.0,473.0,445.0,26.0,471.0,2.0,181.0,171.0,9.0,180.0,1.0,65.0,29.0,36.0,2007
VA-521,Virginia Balance of State CoC,970.0,495.0,212.0,707.0,263.0,505.0,269.0,72.0,341.0,164.0,465.0,226.0,140.0,366.0,99.0,170.0,87.0,50.0,137.0,33.0,96.0,69.0,27.0,2007
VA-600,Arlington County CoC,462.0,116.0,127.0,243.0,219.0,325.0,94.0,12.0,106.0,219.0,137.0,22.0,115.0,137.0,0.0,42.0,7.0,35.0,42.0,0.0,273.0,54.0,219.0,2007
VA-601,Fairfax County CoC,1593.0,462.0,977.0,1439.0,154.0,647.0,309.0,184.0,493.0,154.0,946.0,153.0,793.0,946.0,0.0,270.0,44.0,226.0,270.0,0.0,335.0,207.0,128.0,2007
VA-602,Loudoun County CoC,211.0,67.0,47.0,114.0,97.0,81.0,9.0,4.0,13.0,68.0,130.0,58.0,43.0,101.0,29.0,38.0,18.0,12.0,30.0,8.0,52.0,3.0,49.0,2007
VA-603,Alexandria CoC,375.0,162.0,121.0,283.0,92.0,230.0,93.0,45.0,138.0,92.0,145.0,69.0,76.0,145.0,0.0,48.0,21.0,27.0,48.0,0.0,114.0,51.0,63.0,2007
VA-604,Prince William County CoC,614.0,195.0,161.0,356.0,258.0,240.0,82.0,10.0,92.0,148.0,374.0,113.0,151.0,264.0,110.0,118.0,36.0,46.0,82.0,36.0,88.0,34.0,54.0,2007
VI-500,Virgin Islands CoC,559.0,28.0,44.0,72.0,487.0,537.0,18.0,32.0,50.0,487.0,22.0,10.0,12.0,22.0,0.0,10.0,4.0,6.0,10.0,0.0,487.0,0.0,487.0,2007
VT-500,Vermont Balance of State CoC,796.0,199.0,317.0,516.0,280.0,485.0,109.0,185.0,294.0,191.0,311.0,90.0,132.0,222.0,89.0,111.0,36.0,45.0,81.0,30.0,162.0,45.0,117.0,2007
VT-501,Burlington/Chittenden County CoC,239.0,141.0,63.0,204.0,35.0,114.0,66.0,20.0,86.0,28.0,125.0,75.0,43.0,118.0,7.0,43.0,25.0,15.0,40.0,3.0,29.0,15.0,14.0,2007
WA-500,Seattle/King County CoC,7902.0,2368.0,3312.0,5680.0,2222.0,5107.0,1756.0,1195.0,2951.0,2156.0,2795.0,612.0,2117.0,2729.0,66.0,886.0,184.0,688.0,872.0,14.0,932.0,693.0,239.0,2007
WA-501,Washington Balance of State CoC,7679.0,2254.0,3255.0,5509.0,2170.0,3815.0,1326.0,1025.0,2351.0,1464.0,3864.0,928.0,2230.0,3158.0,706.0,1423.0,312.0,867.0,1179.0,244.0,876.0,327.0,549.0,2007
WA-502,Spokane City & County CoC,1357.0,588.0,424.0,1012.0,345.0,762.0,420.0,126.0,546.0,216.0,595.0,168.0,298.0,466.0,129.0,218.0,59.0,108.0,167.0,51.0,257.0,179.0,78.0,2007
WA-503,"Tacoma, Lakewood/Pierce County CoC",1596.0,470.0,872.0,1342.0,254.0,660.0,318.0,117.0,435.0,225.0,936.0,152.0,755.0,907.0,29.0,299.0,47.0,242.0,289.0,10.0,192.0,0.0,192.0,2007
WA-504,Everett/Snohomish County CoC,3453.0,434.0,1716.0,2150.0,1303.0,2196.0,291.0,923.0,1214.0,982.0,1257.0,143.0,793.0,936.0,321.0,676.0,69.0,474.0,543.0,133.0,207.0,68.0,139.0,2007
WA-508,Vancouver/Clark County CoC,1392.0,336.0,828.0,1164.0,228.0,749.0,164.0,452.0,616.0,133.0,643.0,172.0,376.0,548.0,95.0,220.0,53.0,135.0,188.0,32.0,139.0,66.0,73.0,2007
WI-500,Wisconsin Balance of State CoC,3105.0,1207.0,1610.0,2817.0,288.0,1044.0,468.0,398.0,866.0,178.0,2061.0,739.0,1212.0,1951.0,110.0,715.0,248.0,428.0,676.0,39.0,299.0,178.0,121.0,2007
WI-501,Milwaukee City & County CoC,1470.0,729.0,566.0,1295.0,175.0,769.0,441.0,242.0,683.0,86.0,701.0,288.0,324.0,612.0,89.0,239.0,104.0,106.0,210.0,29.0,234.0,190.0,44.0,2007
WI-502,Racine City & County CoC,256.0,150.0,100.0,250.0,6.0,138.0,104.0,34.0,138.0,0.0,118.0,46.0,66.0,112.0,6.0,42.0,15.0,26.0,41.0,1.0,29.0,29.0,0.0,2007
WI-503,Madison/Dane County CoC,817.0,280.0,443.0,723.0,94.0,452.0,166.0,218.0,384.0,68.0,365.0,114.0,225.0,339.0,26.0,112.0,39.0,67.0,106.0,6.0,127.0,71.0,56.0,2007
WV-500,"Wheeling, Weirton Area CoC",118.0,90.0,6.0,96.0,22.0,104.0,81.0,4.0,85.0,19.0,14.0,9.0,2.0,11.0,3.0,6.0,4.0,1.0,5.0,1.0,9.0,0.0,9.0,2007
WV-501,"Huntington/Cabell, Wayne Counties CoC",331.0,178.0,95.0,273.0,58.0,235.0,152.0,25.0,177.0,58.0,96.0,26.0,70.0,96.0,0.0,33.0,9.0,24.0,33.0,0.0,68.0,48.0,20.0,2007
WV-503,"Charleston/Kanawha, Putnam, Boone, Clay Counties CoC",325.0,224.0,39.0,263.0,62.0,262.0,163.0,37.0,200.0,62.0,63.0,61.0,2.0,63.0,0.0,28.0,27.0,1.0,28.0,0.0,133.0,121.0,12.0,2007
WV-508,West Virginia Balance of State CoC,1635.0,1185.0,330.0,1515.0,120.0,1314.0,1155.0,107.0,1262.0,52.0,321.0,30.0,223.0,253.0,68.0,130.0,15.0,89.0,104.0,26.0,941.0,889.0,52.0,2007
WY-500,Wyoming Statewide CoC,537.0,272.0,125.0,397.0,140.0,331.0,243.0,14.0,257.0,74.0,206.0,29.0,111.0,140.0,66.0,91.0,12.0,39.0,51.0,40.0,38.0,0.0,38.0,2007
